,variable,entity_type,candidate_mappings
0,CAD,DISO,"1. CAD (coronary artery disease) (C1956346) ✓
1. CAD (coronary artery disease) (C1956346) ✓
1. CAD (coronary artery disease) (C1956346) ✓
1. CAD (coronary artery disease) (C1956346) ✓
1. CAD (coronary artery disease) (C1956346) ✓
1. CAD (coronary artery disease) (C1956346) ✓
1. CAD (coronary artery disease) (C1956346) ✓
1. CAD (coronary artery disease) (C1956346) ✓
1. CAD (coronary artery disease) (C1956346) ✓
1. CAD (coronary artery disease) (C1956346) ✓
1. CAD (coronary artery disease) (C1956346) ✓
1. CAD (coronary artery disease) (C1956346) ✓
1. CAD (coronary artery disease) (C1956346) ✓
1. CAD (coronary artery disease) (C1956346) ✓
1. CAD (coronary artery disease) (C1956346) ✓
1. CAD (coronary artery disease) (C1956346) ✓
1. CAD (coronary artery disease) (C1956346) ✓
1. CAD (coronary artery disease) (C1956346) ✓
1. CAD (coronary artery disease) (C1956346) ✓
1. CAD (coronary artery disease) (C1956346) ✓
1. CAD (C1956346) ✓
1. CAD (C1956346) ✓
1. CAD (C1956346) ✓
1. CAD (C1956346) ✓
1. CAD (C1956346) ✓
2. CAD (C1504769) 
2. CAD (C1504769) 
2. CAD (C1504769) 
2. CAD (C1504769) 
2. CAD (C1504769) 
2. CAD (C2317524) 
2. CAD (C2317524) 
2. CAD (C2317524) 
2. CAD (C2317524) 
2. CAD (C2317524) 
2. CAD (C1504769) 
2. CAD (C1504769) 
2. CAD (C1504769) 
2. CAD (C1504769) 
2. CAD (C1504769) 
2. CAD (C2317524) 
2. CAD (C2317524) 
2. CAD (C2317524) 
2. CAD (C2317524) 
2. CAD (C2317524) 
2. CAD (C2317524) 
2. CAD (C2317524) 
2. CAD (C2317524) 
2. CAD (C2317524) 
2. CAD (C2317524) 
3. CAD (C2317524) 
3. CAD (C2317524) 
3. CAD (C2317524) 
3. CAD (C2317524) 
3. CAD (C2317524) 
3. CAD (C1504769) 
3. CAD (C1504769) 
3. CAD (C1504769) 
3. CAD (C1504769) 
3. CAD (C1504769) 
3. CAD autosomal dominant 1 (C1842247) 
3. CAD autosomal dominant 1 (C1842247) 
3. CAD autosomal dominant 1 (C1842247) 
3. CAD autosomal dominant 1 (C1842247) 
3. CAD autosomal dominant 1 (C1842247) 
3. CAD (C1504769) 
3. CAD (C1504769) 
3. CAD (C1504769) 
3. CAD (C1504769) 
3. CAD (C1504769) 
3. CAD (C1504769) 
3. CAD (C1504769) 
3. CAD (C1504769) 
3. CAD (C1504769) 
3. CAD (C1504769) 
4. CAD autosomal dominant 1 (C1842247) 
4. CAD autosomal dominant 1 (C1842247) 
4. CAD autosomal dominant 1 (C1842247) 
4. CAD autosomal dominant 1 (C1842247) 
4. CAD autosomal dominant 1 (C1842247) 
4. CAD autosomal dominant 1 (C1842247) 
4. CAD autosomal dominant 1 (C1842247) 
4. CAD autosomal dominant 1 (C1842247) 
4. CAD autosomal dominant 1 (C1842247) 
4. CAD autosomal dominant 1 (C1842247) 
4. CAD (C2317524) 
4. CAD (C2317524) 
4. CAD (C2317524) 
4. CAD (C2317524) 
4. CAD (C2317524) 
4. CAD autosomal dominant 1 (C1842247) 
4. CAD autosomal dominant 1 (C1842247) 
4. CAD autosomal dominant 1 (C1842247) 
4. CAD autosomal dominant 1 (C1842247) 
4. CAD autosomal dominant 1 (C1842247) 
4. CADDS (C1845408) 
4. CADDS (C1845408) 
4. CADDS (C1845408) 
4. CADDS (C1845408) 
4. CADDS (C1845408) 
5. CADDS (C1845408) 
5. CADDS (C1845408) 
5. CADDS (C1845408) 
5. CADDS (C1845408) 
5. CADDS (C1845408) 
5. CAD Protein (C3642322) 
5. CAD Protein (C3642322) 
5. CAD Protein (C3642322) 
5. CAD Protein (C3642322) 
5. CAD Protein (C3642322) 
5. CAD Protein (C3642322) 
5. CAD Protein (C3642322) 
5. CAD Protein (C3642322) 
5. CAD Protein (C3642322) 
5. CAD Protein (C3642322) 
5. R-CAD (C1609419) 
5. R-CAD (C1609419) 
5. R-CAD (C1609419) 
5. R-CAD (C1609419) 
5. R-CAD (C1609419) 
5. R-CAD (C1609419) 
5. R-CAD (C1609419) 
5. R-CAD (C1609419) 
5. R-CAD (C1609419) 
5. R-CAD (C1609419) "
1,CHD,DISO,"1. Coronary heart disease (C0010068) ✓
1. Coronary heart disease (C0010068) ✓
1. Coronary heart disease (C0010068) ✓
1. Coronary heart disease (C0010068) ✓
2. Coronary artery disease (C1956346) 
2. Coronary artery disease (C1956346) 
2. CAD (coronary artery disease) (C1956346) 
2. CAD (coronary artery disease) (C1956346) 
3. CHD (C3542407) 
3. CHD (C3542407) 
3. coronary heart disease (C0010054) 
3. coronary heart disease (C0010054) 
4. CHDDA (C0620527) 
4. CHDDA (C0620527) 
4. CHDDA (C0620527) 
4. CHDDA (C0620527) 
5. CHDM (C0008487) 
5. CHDM (C0008487) 
5. CHD (C3542407) 
5. CHD (C3542407) "
2,Cardiovascular,ANATOMY,"1. Cardiovascular structure (body structure) (C0007226) 
2. CARDIOVASCULAR SYSTEM (C3540036) 
3. Cardiovascular system (C1269562) 
4. CARDIOVASCULAR SYSTEM (C0425560) 
5. Cardiovascular (C3887460) ✓"
3,Cardiovascular diseases,DISO,1. Cardiovascular Diseases (C0007222) ✓
4,Frontal,ANATOMY,"1. Frontal region structure (body structure) (C3697576) 
2. Frontal region (C1280991) 
3. Frontal region (C0549224) 
4. frontal region (C0162783) 
5. Frontal region (C0016733) ✓"
5,MCI,DISO,"1. MCI (C1270972) ✓
1. MCI (C1270972) ✓
1. MCI (C1270972) ✓
1. MCI (C1270972) ✓
1. MCI (C1270972) ✓
1. MCI (C1270972) ✓
1. MCI (C1270972) ✓
1. MCI (C1270972) ✓
1. MCI (C1270972) ✓
1. MCI (C1270972) ✓
1. MCI (C1270972) ✓
1. MCI (C1270972) ✓
1. Mild Cognitive Impairment (C1270972) ✓
1. Mild Cognitive Impairment (C1270972) ✓
1. Mild Cognitive Impairment (C1270972) ✓
1. Mild Cognitive Impairment (C1270972) ✓
1. Mild Cognitive Impairment (C1270972) ✓
1. Mild Cognitive Impairment (C1270972) ✓
1. MCI (C1270972) ✓
1. MCI (C1270972) ✓
1. MCI (C1270972) ✓
1. MCI (C1270972) ✓
1. MCI (C1270972) ✓
1. MCI (C1270972) ✓
1. MCI (C1270972) ✓
1. MCI (C1270972) ✓
1. MCI (C1270972) ✓
1. MCI (C1270972) ✓
1. MCI (C1270972) ✓
1. MCI (C1270972) ✓
1. Mild Cognitive Impairment (C1270972) ✓
1. Mild Cognitive Impairment (C1270972) ✓
1. Mild Cognitive Impairment (C1270972) ✓
1. Mild Cognitive Impairment (C1270972) ✓
1. Mild Cognitive Impairment (C1270972) ✓
1. Mild Cognitive Impairment (C1270972) ✓
2. aMCI - amnestic mild cognitive impairment (C5394908) 
2. aMCI - amnestic mild cognitive impairment (C5394908) 
2. aMCI - amnestic mild cognitive impairment (C5394908) 
2. aMCI - amnestic mild cognitive impairment (C5394908) 
2. aMCI - amnestic mild cognitive impairment (C5394908) 
2. aMCI - amnestic mild cognitive impairment (C5394908) 
2. aMCI - amnestic mild cognitive impairment (C5394908) 
2. aMCI - amnestic mild cognitive impairment (C5394908) 
2. aMCI - amnestic mild cognitive impairment (C5394908) 
2. aMCI - amnestic mild cognitive impairment (C5394908) 
2. aMCI - amnestic mild cognitive impairment (C5394908) 
2. aMCI - amnestic mild cognitive impairment (C5394908) 
2. mild cognitive impairment (diagnosis) (C1719378) 
2. mild cognitive impairment (diagnosis) (C1719378) 
2. mild cognitive impairment (diagnosis) (C1719378) 
2. mild cognitive impairment (diagnosis) (C1719378) 
2. mild cognitive impairment (diagnosis) (C1719378) 
2. mild cognitive impairment (diagnosis) (C1719378) 
2. aMCI - amnestic mild cognitive impairment (C5394908) 
2. aMCI - amnestic mild cognitive impairment (C5394908) 
2. aMCI - amnestic mild cognitive impairment (C5394908) 
2. aMCI - amnestic mild cognitive impairment (C5394908) 
2. aMCI - amnestic mild cognitive impairment (C5394908) 
2. aMCI - amnestic mild cognitive impairment (C5394908) 
2. Mild cognitive impairment, so stated (C1719378) 
2. Mild cognitive impairment, so stated (C1719378) 
2. Mild cognitive impairment, so stated (C1719378) 
2. Mild cognitive impairment, so stated (C1719378) 
2. Mild cognitive impairment, so stated (C1719378) 
2. Mild cognitive impairment, so stated (C1719378) 
2. aMCI - amnestic mild cognitive impairment (C5394908) 
2. aMCI - amnestic mild cognitive impairment (C5394908) 
2. aMCI - amnestic mild cognitive impairment (C5394908) 
2. aMCI - amnestic mild cognitive impairment (C5394908) 
2. aMCI - amnestic mild cognitive impairment (C5394908) 
2. aMCI - amnestic mild cognitive impairment (C5394908) 
3. Minimal cognitive impairment (C1291708) 
3. Minimal cognitive impairment (C1291708) 
3. Minimal cognitive impairment (C1291708) 
3. Minimal cognitive impairment (C1291708) 
3. Minimal cognitive impairment (C1291708) 
3. Minimal cognitive impairment (C1291708) 
3. MCINS (C4479431) 
3. MCINS (C4479431) 
3. MCINS (C4479431) 
3. MCINS (C4479431) 
3. MCINS (C4479431) 
3. MCINS (C4479431) 
3. Minimal cognitive impairment (C1291708) 
3. Minimal cognitive impairment (C1291708) 
3. Minimal cognitive impairment (C1291708) 
3. Minimal cognitive impairment (C1291708) 
3. Minimal cognitive impairment (C1291708) 
3. Minimal cognitive impairment (C1291708) 
3. Minimal cognitive impairment (C1291708) 
3. Minimal cognitive impairment (C1291708) 
3. Minimal cognitive impairment (C1291708) 
3. Minimal cognitive impairment (C1291708) 
3. Minimal cognitive impairment (C1291708) 
3. Minimal cognitive impairment (C1291708) 
3. aMCI - amnestic mild cognitive impairment (C5394908) 
3. aMCI - amnestic mild cognitive impairment (C5394908) 
3. aMCI - amnestic mild cognitive impairment (C5394908) 
3. aMCI - amnestic mild cognitive impairment (C5394908) 
3. aMCI - amnestic mild cognitive impairment (C5394908) 
3. aMCI - amnestic mild cognitive impairment (C5394908) 
3. MCINS (C4479431) 
3. MCINS (C4479431) 
3. MCINS (C4479431) 
3. MCINS (C4479431) 
3. MCINS (C4479431) 
3. MCINS (C4479431) 
4. Mild cognitive impairment, so stated (C1719378) 
4. Mild cognitive impairment, so stated (C1719378) 
4. Mild cognitive impairment, so stated (C1719378) 
4. Mild cognitive impairment, so stated (C1719378) 
4. Mild cognitive impairment, so stated (C1719378) 
4. Mild cognitive impairment, so stated (C1719378) 
4. MCIRC (C3640696) 
4. MCIRC (C3640696) 
4. MCIRC (C3640696) 
4. MCIRC (C3640696) 
4. MCIRC (C3640696) 
4. MCIRC (C3640696) 
4. aMCI - amnestic mild cognitive impairment (C5394908) 
4. aMCI - amnestic mild cognitive impairment (C5394908) 
4. aMCI - amnestic mild cognitive impairment (C5394908) 
4. aMCI - amnestic mild cognitive impairment (C5394908) 
4. aMCI - amnestic mild cognitive impairment (C5394908) 
4. aMCI - amnestic mild cognitive impairment (C5394908) 
4. MCINS (C4479431) 
4. MCINS (C4479431) 
4. MCINS (C4479431) 
4. MCINS (C4479431) 
4. MCINS (C4479431) 
4. MCINS (C4479431) 
4. MCINS (C4479431) 
4. MCINS (C4479431) 
4. MCINS (C4479431) 
4. MCINS (C4479431) 
4. MCINS (C4479431) 
4. MCINS (C4479431) 
4. MCIRC (C3640696) 
4. MCIRC (C3640696) 
4. MCIRC (C3640696) 
4. MCIRC (C3640696) 
4. MCIRC (C3640696) 
4. MCIRC (C3640696) 
5. MCINS (C4479431) 
5. MCINS (C4479431) 
5. MCINS (C4479431) 
5. MCINS (C4479431) 
5. MCINS (C4479431) 
5. MCINS (C4479431) 
5. Mild cognitive impairment, so stated (C1719378) 
5. Mild cognitive impairment, so stated (C1719378) 
5. Mild cognitive impairment, so stated (C1719378) 
5. Mild cognitive impairment, so stated (C1719378) 
5. Mild cognitive impairment, so stated (C1719378) 
5. Mild cognitive impairment, so stated (C1719378) 
5. MCINS (C4479431) 
5. MCINS (C4479431) 
5. MCINS (C4479431) 
5. MCINS (C4479431) 
5. MCINS (C4479431) 
5. MCINS (C4479431) 
5. MCIRC (C3640696) 
5. MCIRC (C3640696) 
5. MCIRC (C3640696) 
5. MCIRC (C3640696) 
5. MCIRC (C3640696) 
5. MCIRC (C3640696) 
5. MCIRC (C3640696) 
5. MCIRC (C3640696) 
5. MCIRC (C3640696) 
5. MCIRC (C3640696) 
5. MCIRC (C3640696) 
5. MCIRC (C3640696) 
5. Minimal cognitive impairment (C1291708) 
5. Minimal cognitive impairment (C1291708) 
5. Minimal cognitive impairment (C1291708) 
5. Minimal cognitive impairment (C1291708) 
5. Minimal cognitive impairment (C1291708) 
5. Minimal cognitive impairment (C1291708) "
6,Mild cognitive impairment,DISO,"1. Mild Cognitive Impairment (C1270972) ✓
2. Cognitive deficits, mild (C4015437) "
7,acute leukemia,DISO,"1. Acute leukemia (C0085669) ✓
2. Acute Leukemia, NOS (C0280141) 
3. Acute leukemia (category) (C1292764) "
8,acute respiratory failure,DISO,"1. Acute respiratory failure (C0264490) 
2. Acute respiratory insufficiency (C0865850) ✓
3. Acute respiratory decompensation (C0748352) 
4. Acute Hypoxemic Respiratory Failure (C4039867) "
9,alveolar-interstitial syndrome,DISO,"1. Pulmonary alveolar disease (C0264502) 
2. acute interstitial lung disease (C2215135) 
3. Respiratory bronchiolitis-associated interstitial lung disease (C1276236) 
4. respiratory bronchiolitis interstitial lung disease (C0238378) 
5. alveolar and parietoalveolar pneumonopathy (C2197998) "
10,artery,ANATOMY,"1. Artery (C0003842) ✓
1. Artery (C0003842) ✓
1. Artery (C0003842) ✓
1. Artery (C0003842) ✓
1. Artery (C0003842) ✓
1. Artery (C0003842) ✓
1. Artery (C0003842) ✓
1. Artery (C0003842) ✓
1. Artery (C0003842) ✓
2. artery (C0226004) 
2. artery (C0226004) 
2. artery (C0226004) 
2. Artery (C0226004) 
2. Artery (C0226004) 
2. Artery (C0226004) 
2. artery (C0226004) 
2. artery (C0226004) 
2. artery (C0226004) "
11,blood,ANATOMY,"1. Blood, NOS (C0005767) ✓
1. Blood, NOS (C0005767) ✓
1. Blood, NOS (C0005767) ✓
1. Blood, NOS (C0005767) ✓
1. Blood, NOS (C0005767) ✓
1. Blood, NOS (C0005767) ✓
1. Blood, NOS (C0005767) ✓
1. Blood (C0005767) ✓
1. Blood (C0005767) ✓
1. Blood (C0005767) ✓
1. Blood (C0005767) ✓
1. Blood (C0005767) ✓
1. Blood (C0005767) ✓
1. Blood (C0005767) ✓
1. Blood (C0005767) ✓
1. Blood (C0005767) ✓
1. Blood (C0005767) ✓
1. Blood (C0005767) ✓
1. Blood (C0005767) ✓
1. Blood (C0005767) ✓
1. Blood (C0005767) ✓
1. Blood, NOS (C0005767) ✓
1. Blood, NOS (C0005767) ✓
1. Blood, NOS (C0005767) ✓
1. Blood, NOS (C0005767) ✓
1. Blood, NOS (C0005767) ✓
1. Blood, NOS (C0005767) ✓
1. Blood, NOS (C0005767) ✓
1. Blood (C0851353) 
1. Blood (C0851353) 
1. Blood (C0851353) 
1. Blood (C0851353) 
1. Blood (C0851353) 
1. Blood (C0851353) 
1. Blood (C0851353) 
1. blood (C0005768) 
1. blood (C0005768) 
1. blood (C0005768) 
1. blood (C0005768) 
1. blood (C0005768) 
1. blood (C0005768) 
1. blood (C0005768) 
1. Blood, NOS (C0005767) ✓
1. Blood, NOS (C0005767) ✓
1. Blood, NOS (C0005767) ✓
1. Blood, NOS (C0005767) ✓
1. Blood, NOS (C0005767) ✓
1. Blood, NOS (C0005767) ✓
1. Blood, NOS (C0005767) ✓
2. blood (C0005768) 
2. blood (C0005768) 
2. blood (C0005768) 
2. blood (C0005768) 
2. blood (C0005768) 
2. blood (C0005768) 
2. blood (C0005768) 
2. blood (C0005768) 
2. blood (C0005768) 
2. blood (C0005768) 
2. blood (C0005768) 
2. blood (C0005768) 
2. blood (C0005768) 
2. blood (C0005768) 
2. Blood (C0851353) 
2. Blood (C0851353) 
2. Blood (C0851353) 
2. Blood (C0851353) 
2. Blood (C0851353) 
2. Blood (C0851353) 
2. Blood (C0851353) 
2. Blood (C0851353) 
2. Blood (C0851353) 
2. Blood (C0851353) 
2. Blood (C0851353) 
2. Blood (C0851353) 
2. Blood (C0851353) 
2. Blood (C0851353) 
2. Blood (C0229664) 
2. Blood (C0229664) 
2. Blood (C0229664) 
2. Blood (C0229664) 
2. Blood (C0229664) 
2. Blood (C0229664) 
2. Blood (C0229664) 
2. Blood (substance) (C0005767) ✓
2. Blood (substance) (C0005767) ✓
2. Blood (substance) (C0005767) ✓
2. Blood (substance) (C0005767) ✓
2. Blood (substance) (C0005767) ✓
2. Blood (substance) (C0005767) ✓
2. Blood (substance) (C0005767) ✓
2. Blood (C0851353) 
2. Blood (C0851353) 
2. Blood (C0851353) 
2. Blood (C0851353) 
2. Blood (C0851353) 
2. Blood (C0851353) 
2. Blood (C0851353) 
3. Blood (C0229664) 
3. Blood (C0229664) 
3. Blood (C0229664) 
3. Blood (C0229664) 
3. Blood (C0229664) 
3. Blood (C0229664) 
3. Blood (C0229664) 
3. Blood (C0229664) 
3. Blood (C0229664) 
3. Blood (C0229664) 
3. Blood (C0229664) 
3. Blood (C0229664) 
3. Blood (C0229664) 
3. Blood (C0229664) 
3. Blood (C0229664) 
3. Blood (C0229664) 
3. Blood (C0229664) 
3. Blood (C0229664) 
3. Blood (C0229664) 
3. Blood (C0229664) 
3. Blood (C0229664) 
3. Blood (C0229664) 
3. Blood (C0229664) 
3. Blood (C0229664) 
3. Blood (C0229664) 
3. Blood (C0229664) 
3. Blood (C0229664) 
3. Blood (C0229664) 
3. blood (C0005768) 
3. blood (C0005768) 
3. blood (C0005768) 
3. blood (C0005768) 
3. blood (C0005768) 
3. blood (C0005768) 
3. blood (C0005768) 
3. Blood (C0229664) 
3. Blood (C0229664) 
3. Blood (C0229664) 
3. Blood (C0229664) 
3. Blood (C0229664) 
3. Blood (C0229664) 
3. Blood (C0229664) 
3. blood (C0005768) 
3. blood (C0005768) 
3. blood (C0005768) 
3. blood (C0005768) 
3. blood (C0005768) 
3. blood (C0005768) 
3. blood (C0005768) 
4. Blood (C0851353) 
4. Blood (C0851353) 
4. Blood (C0851353) 
4. Blood (C0851353) 
4. Blood (C0851353) 
4. Blood (C0851353) 
4. Blood (C0851353) 
4. Blood (C0851353) 
4. Blood (C0851353) 
4. Blood (C0851353) 
4. Blood (C0851353) 
4. Blood (C0851353) 
4. Blood (C0851353) 
4. Blood (C0851353) 
4. blood (C0005768) 
4. blood (C0005768) 
4. blood (C0005768) 
4. blood (C0005768) 
4. blood (C0005768) 
4. blood (C0005768) 
4. blood (C0005768) 
4. blood (C0005768) 
4. blood (C0005768) 
4. blood (C0005768) 
4. blood (C0005768) 
4. blood (C0005768) 
4. blood (C0005768) 
4. blood (C0005768) 
4. Blood, NOS (C0005767) ✓
4. Blood, NOS (C0005767) ✓
4. Blood, NOS (C0005767) ✓
4. Blood, NOS (C0005767) ✓
4. Blood, NOS (C0005767) ✓
4. Blood, NOS (C0005767) ✓
4. Blood, NOS (C0005767) ✓
4. Blood (C0851353) 
4. Blood (C0851353) 
4. Blood (C0851353) 
4. Blood (C0851353) 
4. Blood (C0851353) 
4. Blood (C0851353) 
4. Blood (C0851353) 
4. Blood (C0229664) 
4. Blood (C0229664) 
4. Blood (C0229664) 
4. Blood (C0229664) 
4. Blood (C0229664) 
4. Blood (C0229664) 
4. Blood (C0229664) 
5. Blood material (C0440737) 
5. Blood material (C0440737) 
5. Blood material (C0440737) 
5. Blood material (C0440737) 
5. Blood material (C0440737) 
5. Blood material (C0440737) 
5. Blood material (C0440737) 
5. Blood material (C0440737) 
5. Blood material (C0440737) 
5. Blood material (C0440737) 
5. Blood material (C0440737) 
5. Blood material (C0440737) 
5. Blood material (C0440737) 
5. Blood material (C0440737) 
5. Blood specimen (specimen) (C0178913) 
5. Blood specimen (specimen) (C0178913) 
5. Blood specimen (specimen) (C0178913) 
5. Blood specimen (specimen) (C0178913) 
5. Blood specimen (specimen) (C0178913) 
5. Blood specimen (specimen) (C0178913) 
5. Blood specimen (specimen) (C0178913) 
5. Blood specimen (specimen) (C0178913) 
5. Blood specimen (specimen) (C0178913) 
5. Blood specimen (specimen) (C0178913) 
5. Blood specimen (specimen) (C0178913) 
5. Blood specimen (specimen) (C0178913) 
5. Blood specimen (specimen) (C0178913) 
5. Blood specimen (specimen) (C0178913) 
5. Blood material (C0440737) 
5. Blood material (C0440737) 
5. Blood material (C0440737) 
5. Blood material (C0440737) 
5. Blood material (C0440737) 
5. Blood material (C0440737) 
5. Blood material (C0440737) 
5. Blood specimen (specimen) (C0178913) 
5. Blood specimen (specimen) (C0178913) 
5. Blood specimen (specimen) (C0178913) 
5. Blood specimen (specimen) (C0178913) 
5. Blood specimen (specimen) (C0178913) 
5. Blood specimen (specimen) (C0178913) 
5. Blood specimen (specimen) (C0178913) 
5. Blood specimen (specimen) (C0178913) 
5. Blood specimen (specimen) (C0178913) 
5. Blood specimen (specimen) (C0178913) 
5. Blood specimen (specimen) (C0178913) 
5. Blood specimen (specimen) (C0178913) 
5. Blood specimen (specimen) (C0178913) 
5. Blood specimen (specimen) (C0178913) "
12,blood cancer,DISO,"1. Blood Cancer (C3890429) 
2. Blood Cancer (C0376545) 
3. Neoplasm malignant; blood (C0848146) 
4. blood/lymphatic cancer (C0178516) 
5. Hematologic Cancer (C0376544) "
13,blood cancers,DISO,"1. blood cancers (C0376545) 
1. blood cancers (C0376545) 
1. blood cancers (C0376545) 
1. blood cancers (C0376545) 
2. Blood Cancer (C3890429) 
2. Blood Cancer (C3890429) 
2. Blood Cancer (C3890429) 
2. Blood Cancer (C3890429) 
3. blood/lymphatic cancer (C0178516) 
3. blood/lymphatic cancer (C0178516) 
3. Neoplasm malig;blood (C0848146) 
3. Neoplasm malig;blood (C0848146) 
4. Neoplasm malig;blood (C0848146) 
4. Neoplasm malig;blood (C0848146) 
4. blood/lymphatic cancer (C0178516) 
4. blood/lymphatic cancer (C0178516) 
5. blood neoplasm (C0920685) ✓
5. blood neoplasm (C0920685) ✓
5. blood neoplasm (C0920685) ✓
5. blood neoplasm (C0920685) ✓"
14,blood system tumors,DISO,"1. neoplasm of the blood or blood forming organ (C0850783) 
2. blood neoplasm (C0920685) ✓
3. Blood tumor (C0376545) 
4. Tumors, Blood Vessel (C4722524) 
5. Neoplasm malig;blood (C0848146) "
15,cancer,DISO,"1. Malignant neoplasm (C0260515) 
2. Cancer (NOS) (C0006826) ✓
3. Cancer (C1306459) "
16,cancers,DISO,"1. Cancers (C0006826) ✓
1. Cancers (C0006826) ✓
1. Cancers (C0006826) ✓
1. Cancers (C0006826) ✓
2. Cancer (C1306459) 
2. Cancer (C1306459) 
2. Cancer (C1306459) 
2. Cancer (C1306459) 
3. cancer (C0260515) 
3. cancer (C0260515) 
3. cancer (C0260515) 
3. cancer (C0260515) "
17,cardiac,ANATOMY,"1. Cardiac (C0018787) ✓
1. Cardiac (C0018787) ✓
1. Cardiac (C0018787) ✓
1. Cardiac (C0018787) ✓
2. Heart (C1281570) 
2. Heart (C1281570) 
2. Heart (C1281570) 
2. Heart (C1281570) 
3. Heart (body structure) (C0153957) 
3. Heart (body structure) (C0153957) 
3. Heart (C0153957) 
3. Heart (C0153957) 
4. Heart (structure) (C0153500) 
4. Heart (structure) (C0153500) 
4. Heart (C0153500) 
4. Heart (C0153500) 
5. Cardiac (presumed) (C3842187) 
5. Cardiac (presumed) (C3842187) 
5. Cardiac (presumed) (C3842187) 
5. Cardiac (presumed) (C3842187) "
18,cardiovascular,ANATOMY,"1. Cardiovascular system (C0007226) 
2. Cardiovascular system (C1269562) 
3. Cardiovascular (C3887460) ✓
4. CARDIOVASCULAR SYSTEM (C3540036) 
5. CARDIOVASCULAR SYSTEM (C0425560) "
19,cardiovascular diseases,DISO,1. Cardiovascular Diseases (C0007222) ✓
20,cerebral,ANATOMY,"1. Brain (C0006104) ✓
2. Cerebral structure (body structure) (C0242202) 
3. Cerebral (C0228174) 
4. Brain (C1269537) 
5. Cerebral part (C1268146) "
21,cerebral ischemia,DISO,"1. Cerebral Ischemia (C0917798) ✓
2. Cerebral Ischemia (C0007785) "
22,chronic diseases,DISO,"1. Chronic disease (C0008679) ✓
2. Chronic disease - general NOS (C0421169) "
23,cognitive disorders,DISO,1. cognitive disorders (C0009241) ✓
24,cognitive impairment,DISO,"1. Cognitive impairment (C0338656) ✓
1. Cognitive impairment (C0338656) ✓
1. Cognitive impairment (C0338656) ✓
1. Cognitive impairment (C0338656) ✓
2. Cognitive deficits (C0009241) 
2. Cognitive deficits (C0009241) 
2. cognitive deficits (C0009241) 
2. cognitive deficits (C0009241) "
25,copper,CHEM,"1. copper (C0009968) ✓
2. Copper (C2348263) "
26,coronary,ANATOMY,"1. coronary (C0018787) 
1. coronary (C0018787) 
1. coronary (C0018787) 
1. coronary (C0018787) 
1. coronary (C0018787) 
1. coronary (C0018787) 
1. coronary (C0018787) 
1. coronary (C0018787) 
1. coronary (C0018787) 
1. coronary (C0018787) 
1. coronary (C0018787) 
1. coronary (C0018787) 
1. coronary (C0018787) 
1. coronary (C0018787) 
1. coronary (C0018787) 
1. Coronary artery (C1269008) 
1. Coronary artery (C1269008) 
1. Coronary artery (C1269008) 
1. Coronary artery (C1269008) 
1. Coronary artery (C1269008) 
1. Vessel, Coronary (C0010075) ✓
1. Vessel, Coronary (C0010075) ✓
1. Vessel, Coronary (C0010075) ✓
1. Vessel, Coronary (C0010075) ✓
1. Vessel, Coronary (C0010075) ✓
2. Vessel, Coronary (C0010075) ✓
2. Vessel, Coronary (C0010075) ✓
2. Vessel, Coronary (C0010075) ✓
2. Vessel, Coronary (C0010075) ✓
2. Vessel, Coronary (C0010075) ✓
2. coronary coronary (C0545743) 
2. coronary coronary (C0545743) 
2. coronary coronary (C0545743) 
2. coronary coronary (C0545743) 
2. coronary coronary (C0545743) 
2. coronary coronary (C0545743) 
2. coronary coronary (C0545743) 
2. coronary coronary (C0545743) 
2. coronary coronary (C0545743) 
2. coronary coronary (C0545743) 
2. Coronary artery (C0205042) 
2. Coronary artery (C0205042) 
2. Coronary artery (C0205042) 
2. Coronary artery (C0205042) 
2. Coronary artery (C0205042) 
2. Coronary artery (C1269008) 
2. Coronary artery (C1269008) 
2. Coronary artery (C1269008) 
2. Coronary artery (C1269008) 
2. Coronary artery (C1269008) 
3. coronary coronary (C0545743) 
3. coronary coronary (C0545743) 
3. coronary coronary (C0545743) 
3. coronary coronary (C0545743) 
3. coronary coronary (C0545743) 
3. Vessel, Coronary (C0010075) ✓
3. Vessel, Coronary (C0010075) ✓
3. Vessel, Coronary (C0010075) ✓
3. Vessel, Coronary (C0010075) ✓
3. Vessel, Coronary (C0010075) ✓
3. Coronary artery (C1269008) 
3. Coronary artery (C1269008) 
3. Coronary artery (C1269008) 
3. Coronary artery (C1269008) 
3. Coronary artery (C1269008) 
3. artery coronary (C0545743) 
3. artery coronary (C0545743) 
3. artery coronary (C0545743) 
3. artery coronary (C0545743) 
3. artery coronary (C0545743) 
3. Coronary artery (C0205042) 
3. Coronary artery (C0205042) 
3. Coronary artery (C0205042) 
3. Coronary artery (C0205042) 
3. Coronary artery (C0205042) 
4. Coronary artery (C1269008) 
4. Coronary artery (C1269008) 
4. Coronary artery (C1269008) 
4. Coronary artery (C1269008) 
4. Coronary artery (C1269008) 
4. Coronary artery (C1269008) 
4. Coronary artery (C1269008) 
4. Coronary artery (C1269008) 
4. Coronary artery (C1269008) 
4. Coronary artery (C1269008) 
4. Coronary artery (C0205042) 
4. Coronary artery (C0205042) 
4. Coronary artery (C0205042) 
4. Coronary artery (C0205042) 
4. Coronary artery (C0205042) 
4. Vessel, Coronary (C0010075) ✓
4. Vessel, Coronary (C0010075) ✓
4. Vessel, Coronary (C0010075) ✓
4. Vessel, Coronary (C0010075) ✓
4. Vessel, Coronary (C0010075) ✓
4. artery coronary (C0545743) 
4. artery coronary (C0545743) 
4. artery coronary (C0545743) 
4. artery coronary (C0545743) 
4. artery coronary (C0545743) 
5. Coronary artery (C0205042) 
5. Coronary artery (C0205042) 
5. Coronary artery (C0205042) 
5. Coronary artery (C0205042) 
5. Coronary artery (C0205042) 
5. Coronary artery (C0205042) 
5. Coronary artery (C0205042) 
5. Coronary artery (C0205042) 
5. Coronary artery (C0205042) 
5. Coronary artery (C0205042) 
5. Coronary Vessels (C0010075) ✓
5. Coronary Vessels (C0010075) ✓
5. Coronary Vessels (C0010075) ✓
5. Coronary Vessels (C0010075) ✓
5. Coronary Vessels (C0010075) ✓
5. coronary (C0018787) 
5. coronary (C0018787) 
5. coronary (C0018787) 
5. coronary (C0018787) 
5. coronary (C0018787) 
5. coronary (C0018787) 
5. coronary (C0018787) 
5. coronary (C0018787) 
5. coronary (C0018787) 
5. coronary (C0018787) "
27,coronary artery,ANATOMY,"1. Coronary artery (C1269008) 
1. Coronary artery (C1269008) 
1. Coronary artery (C1269008) 
1. Coronary artery (C0205042) ✓
1. Coronary artery (C0205042) ✓
1. Coronary artery (C0205042) ✓
1. Coronary artery (C0205042) ✓
1. Coronary artery (C0205042) ✓
1. Coronary artery (C0205042) ✓
2. Coronary arteries (C0205042) ✓
2. Coronary arteries (C0205042) ✓
2. Coronary arteries (C0205042) ✓
2. Coronary artery (C1269008) 
2. Coronary artery (C1269008) 
2. Coronary artery (C1269008) 
2. Coronary artery (C1269008) 
2. Coronary artery (C1269008) 
2. Coronary artery (C1269008) 
3. artery coronary (C0545743) 
3. artery coronary (C0545743) 
3. artery coronary (C0545743) 
3. artery coronary (C0545743) 
3. artery coronary (C0545743) 
3. artery coronary (C0545743) 
3. artery coronary (C0545743) 
3. artery coronary (C0545743) 
3. artery coronary (C0545743) "
28,coronary artery disease,DISO,"1. coronary artery disease (C0010054) 
1. coronary artery disease (C0010054) 
1. Coronary Artery Disease (C1956346) ✓
1. Coronary Artery Disease (C1956346) ✓
2. Coronary Artery Disease (C1956346) ✓
2. Coronary Artery Disease (C1956346) ✓
2. coronary artery disease (C0010054) 
2. coronary artery disease (C0010054) "
29,coronary artery lesions,DISO,"1. Coronary Vessel Lesion (C3272304) 
2. Coronary Lesion by Angiographic Finding (C3899494) 
3. Coronary artery abnormality (C0158623) 
4. Disease coronary artery (C1956346) ✓"
30,coronary heart disease,DISO,"1. Coronary heart disease (C0010068) ✓
2. Coronary heart disease (C0010054) 
3. Coronary disease (C1956346) "
31,coronary lesions,DISO,"1. Coronary Vessel Lesion (C3272304) ✓
2. CORONARY LESION ON ANGIOGRAPHY (C3899494) 
3. Coronary (artery) disease (C1956346) 
4. Coronary artery abnormality (C0158623) "
32,depression,DISO,"1. Depression (C0011570) ✓
2. Depression (C0011581) 
3. Depression (C1999266) 
4. depression (C0812393) 
5. depression (C1579931) "
33,dioxide,CHEM,"1. dioxide (C0678717) ✓
1. dioxide (C0678717) ✓
1. Carbon dioxide (C0007012) 
1. Carbon dioxide (C0007012) 
2. Dioxide, Carbon (C0007012) 
2. Dioxide, Carbon (C0007012) 
2. Nitrogen Dioxide (C0028160) 
2. Nitrogen Dioxide (C0028160) 
3. Dioxide, Nitrogen (C0028160) 
3. Dioxide, Nitrogen (C0028160) 
3. carbon dioxide ion (C0054739) 
3. carbon dioxide ion (C0054739) 
4. carbon dioxide ion (C0054739) 
4. carbon dioxide ion (C0054739) 
4. dioxide (C0678717) ✓
4. dioxide (C0678717) ✓
5. CO2 (C0860710) 
5. CO2 (C0860710) 
5. CO2 (C0860710) 
5. CO2 (C0860710) "
34,dysfunction,DISO,"1. Dysfunction (C0277785) ✓
2. dysfunction; physiological (C1397859) 
3. physiological; functional disturbance (C1397923) 
4. rndx dysfunctional (C2922963) "
35,edema,DISO,1. Edema (C0013604) ✓
36,effusion,DISO,"1. Effusion (C0013687) ✓
2. Effusion (C2317432) 
3. Effusion sample (C0444115) 
4. Effusion, unspecified joint (C2895018) 
5. Joint-effusion (C1963136) "
37,heart,ANATOMY,"1. Heart (C0018787) ✓
2. Heart (C1281570) 
3. Heart (C0153957) 
4. Heart (C0153500) "
38,heart disease,DISO,1. Heart disease (C0018799) 
39,hypertension,DISO,"1. Hypertension (C0020538) 
1. Hypertension (C0020538) 
1. Hypertension (C0020538) 
1. Hypertension (C0020538) 
2. Hypertension (C0455405) 
2. Hypertension (C0455405) 
2. Hypertension (C0455405) 
2. Hypertension (C0455405) 
3. Hypertension NOS (C0085580) 
3. Hypertension NOS (C0085580) 
3. Hypertension (C1963138) ✓
3. Hypertension (C1963138) ✓
4. Hypertension (C1963138) ✓
4. Hypertension (C1963138) ✓
4. Hypertension NOS (C0085580) 
4. Hypertension NOS (C0085580) 
5. Hypertension (variable) (C3280772) 
5. Hypertension (variable) (C3280772) 
5. Hypertension (variable) (C3280772) 
5. Hypertension (variable) (C3280772) "
40,infectious complications,DISO,"1. complications infections (C0940933) ✓
2. Infection as complication of medical care (disorder) (C0274432) 
3. Complicated infection (C3160894) 
4. sequelae of; infection (C0348296) 
5. Infectious sequelae of disorders (C1285328) "
41,ischemia,DISO,"1. Ischemia (C0022116) ✓
2. ischemia vascular (C0679395) "
42,lavage fluid,ANATOMY,"1. Lavage Fluid (C3641255) ✓
2. Lavage Fluid, Lung (C0006279) 
3. irrigation fluid (C0593225) "
43,left-sided pneumonia,DISO,"1. Left upper lobe pneumonia (C0578576) 
2. Left lower lobe pneumonia (C0585104) "
44,lesions,DISO,"1. Lesion (C0221198) 
1. Lesion (C0221198) 
1. Lesions (C0221198) 
1. Lesions (C0221198) 
2. Lesion finding (C0577301) 
2. Lesion finding (C0577301) 
2. Lesion finding (C0577301) 
2. Lesion finding (C0577301) 
3. the lesion was (C2071490) ✓
3. the lesion was (C2071490) ✓
3. the lesion was (C2071490) ✓
3. the lesion was (C2071490) ✓"
45,lung injuries,DISO,1. Lung Injury (C0273115) ✓
46,lung injury,DISO,"1. Lung Injury (C0273115) ✓
1. Lung Injury (C0273115) ✓
1. Lung Injury (C0273115) ✓
1. Lung Injury (C0273115) ✓"
47,mild cognitive impairment,DISO,"1. Mild Cognitive Impairment (C1270972) ✓
2. Cognitive deficits, mild (C4015437) "
48,neuronal,ANATOMY,"1. Neuron (C0027882) ✓
2. neurons structures (C0682678) 
3. neuron component (C0597055) 
4. Neuronal component of neuraxis (C2953746) 
5. neuronal (C0521390) "
49,neuronal dysfunction,DISO,"1. Neurodegeneration (C0027746) 
2. Neuronal degeneration (C3670500) 
3. Abnormal neuronal morphology (C4022739) 
4. Neuronal drop out (C0546414) "
50,nitrogen,CHEM,1. nitrogen (C0028158) ✓
51,nitrogen dioxide,CHEM,"1. Nitrogen Dioxide (C0028160) ✓
2. nitrogen oxide (C0028167) 
3. Nitrogen Oxide (C0028128) 
4. Nitrogen Dioxide Ion(1-) (C3848529) 
5. nitrogen dioxide radical (C0598460) "
52,parietooccipital,ANATOMY,"1. parieto-occipital eminence (C0262303) 
2. Occipital protuberance (C1283612) 
3. Structure of supraoccipital bone (C0687090) 
4. Suboccipital region structure (C0230006) 
5. Exoccipital (C0222720) "
53,pleural,ANATOMY,"1. BODY CAVITY, PLEURAL (C0178802) 
2. Pleural part (body structure) (C1268108) 
3. Pleural structure (C0032225) ✓
4. Pleural subdivision (C0932416) "
54,pleural effusion,DISO,"1. Pleural Effusion (C0032227) ✓
2. Pleural Effusion (C4552777) 
3. pleural effusion (C2073625) 
4. Pleural effusion (C1253943) "
55,pneumonia,DISO,"1. Pneumonia (C0032285) ✓
1. Pneumonia (C0032285) ✓
1. Pneumonia (C0032285) ✓
1. Pneumonia (C0032285) ✓
1. Pneumonia (C0032285) ✓
1. Pneumonia (C0032285) ✓
1. Pneumonia (C0032285) ✓
1. Pneumonia (C0032285) ✓
1. Pneumonia (C0032285) ✓
1. Pneumonia (C0032285) ✓
1. Pneumonia (C0032285) ✓
1. Pneumonia (C0032285) ✓
1. Pneumonia (C0032285) ✓
1. Pneumonia (C0032285) ✓
1. Pneumonia (C0032285) ✓
1. Pneumonia (C0032285) ✓
1. Pneumonia (C0032285) ✓
1. Pneumonia (C0032285) ✓
1. Pneumonia (C0032285) ✓
1. Pneumonia (C0032285) ✓
1. Pneumonia (C0032285) ✓
1. Pneumonia (C0032285) ✓
1. Pneumonia (C0032285) ✓
1. Pneumonia (C0032285) ✓
1. Pneumonia (C0032285) ✓
2. pneumonias (C3714636) 
2. pneumonias (C3714636) 
2. pneumonias (C3714636) 
2. pneumonias (C3714636) 
2. pneumonias (C3714636) 
2. pneumonias (C3714636) 
2. pneumonias (C3714636) 
2. pneumonias (C3714636) 
2. pneumonias (C3714636) 
2. pneumonias (C3714636) 
2. pneumonias (C3714636) 
2. pneumonias (C3714636) 
2. pneumonias (C3714636) 
2. pneumonias (C3714636) 
2. pneumonias (C3714636) 
2. pneumonias (C3714636) 
2. pneumonias (C3714636) 
2. pneumonias (C3714636) 
2. pneumonias (C3714636) 
2. pneumonias (C3714636) 
2. pneumonias (C3714636) 
2. pneumonias (C3714636) 
2. pneumonias (C3714636) 
2. pneumonias (C3714636) 
2. pneumonias (C3714636) "
56,respiratory failure,DISO,"1. Respiratory failure (disorder) (C1145670) 
2. Respiratory Failure (C4552651) "
57,right-sided pneumonia,DISO,"1. Right lower lobe pneumonia (C0585105) 
2. Right upper lobe pneumonia (C0585106) "
58,sulfur,CHEM,"1. sulfur (C0038774) ✓
2. SULFUR (C2348286) 
3. Preparations containing sulfur (C3653384) "
59,sulfur dioxide,CHEM,"1. Sulfur dioxide (substance) (C0038777) ✓
2. Sulfur dioxide causing toxic effect (C0161714) 
3. sulfur oxide (C0917965) 
4. sulfur oxide (C0038782) 
5. sulfur trioxide (C0075608) "
60,transfusion-related pulmonary edema,DISO,"1. Transfusion-Associated Circulatory Overload (C2921022) 
2. Transfusion-related circulatory overload (C1739101) 
3. Transfusion-Related Acute Lung Injury (C0948343) ✓
4. Air embolism due to and following transfusion (C4544040) "
61,zinc,CHEM,"1. zinc (C0043481) ✓
1. zinc (C0043481) ✓
1. ZINC (C3714650) 
1. ZINC (C3714650) 
2. ZINC (C3714650) 
2. ZINC (C3714650) 
2. Zinc (C3541396) 
2. Zinc (C3541396) 
3. Zinc (C3541396) 
3. Zinc (C3541396) 
3. Zinc (C2348288) 
3. Zinc (C2348288) 
4. Zinc (C2348288) 
4. Zinc (C2348288) 
4. zinc (C0043481) ✓
4. zinc (C0043481) ✓
5. Zinc preparation (C3652702) 
5. Zinc preparation (C3652702) 
5. Zinc preparation (C3652702) 
5. Zinc preparation (C3652702) "
