CUI,ICD10_ids,SNOMEDCT_US_ids,ICD10_names,SNOMEDCT_US_names,se_codes,se_names,AI_code,AI_name
C0000727,['R10.0'],"['9209005', '9209005', '269021002', '140460009', '9209005', '9209005', '207221008', '158499006', '207255006', '207221008', '9209005', '9209005', '207255006', '158499006', '207221008']",['Acute abdomen'],"['Acute abdomen, NOS', 'Acute abdomen', 'Abdomen - acute', 'Abdomen - acute', 'Acute abdominal pain syndrome', 'Acute abdominal pain syndrome, NOS', '[D]Acute abdomen', '[D]Acute abdomen', '[D]Acute abdomen', '[D]Acute abdomen (context-dependent category)', 'Acute abdomen (disorder)', 'Surgical abdomen', '[D]Acute abdomen (situation)', '[D]Acute abdomen (situation)', '[D]Acute abdomen (situation)']","[9209005, 9209005, 9209005, 158499006, 158499006]","['Acute abdomen', 'Acute abdomen (disorder)', 'Acute abdomen, NOS', '[D]Acute abdomen', '[D]Acute abdomen']",920905,
C0000768,['Q89.9'],"['21390004', '66091009', '276654001', '443341004', '107656002', '276654001', '157028001', '205999005', '205842001', '157033002', '157034008', '268359006', '21390004', '21390004', '112635002', '443341004', '276654001', '21390004', '21390004', '21390004', '21390004', '21390004', '21390004', '21390004', '21390004', '21390004', '21390004', '21390004', '21390004', '21390004', '21390004', '21390004', '66091009', '276654001', '276654001', '276654001', '276654001', '21390004', '276654001', '385297003', '276655000', '21390004', '107656002', '21390004', '385297003', '112635002', '443341004', '205999005', '157034008', '157028001', '205842001', '276655000', '276654001']","['Congenital malformation, unspecified']","['Congenital abnormality, NOS', 'Congenital abnormality', 'Congenital abnormality', 'Congenital anomaly', 'Congenital anomaly', 'Congenital anomaly', 'Congenital anomaly NOS', 'Congenital anomaly NOS', 'Congenital anomaly NOS', 'Congenital anomaly NOS', 'Congenital anomaly NOS', 'Congenital anomaly NOS', 'Congenital anomaly, NOS', 'Congenital defect, NOS', 'Congenital malformation', 'Congenital malformation', 'Congenital malformation', 'Congenital malformation, NOS', 'Developmental anomaly, NOS', 'Developmental anomaly', 'Developmental defect, NOS', 'Developmental defect', 'Developmental malformation, NOS', 'Developmental malformation', 'Dysgenesis, NOS', 'Dysgenesis', 'Malformation, NOS', 'Malformation', 'Abnormal development, NOS', 'Abnormal development', 'Anomalous formation, NOS', 'Anomalous formation', 'Fetal developmental abnormality', 'Fetal developmental abnormality', 'Foetal developmental abnormality', 'Fetal malformation', 'Foetal malformation', 'Developmental abnormality', 'CM - Congenital malformation', 'Congenital deformity', 'Congenital deformity', 'Congenital deformity, NOS', 'Congenital anomaly (morphologic abnormality)', 'Developmental anomaly (morphologic abnormality)', 'Congenital deformity (morphologic abnormality)', 'Congenital malformation (morphologic abnormality)', 'Congenital anomaly (disorder)', 'Congenital anomaly NOS (disorder)', 'Congenital anomaly NOS (disorder)', 'Congenital anomaly NOS (disorder)', 'Congenital anomaly NOS (disorder)', 'Congenital deformity (disorder)', 'Congenital malformation (disorder)']","[276654001, 21390004, 112635002, 276654001, 443341004]","['Congenital malformation (disorder)', 'Congenital malformation, NOS', 'Congenital malformation (morphologic abnormality)', 'Congenital malformation', 'Congenital malformation']",2130004,
C0000770,['K00.2'],['196275008'],['Abnormalities of size and form of teeth'],['Tooth size and form abnormality'],"[422775003, 266415009, 710007003, 1082381000119101, 266415009]","['Developmental abnormality of tooth size and form', 'Developmental abnormality of tooth size and form', 'Abnormal form of tooth (finding)', 'Abnormal size of tooth', 'Developmental abnormality of tooth size and form (disorder)']",,
C0000774,['E16.4'],"['47344007', '190443003', '190445005', '47344007', '190445005', '47344007']",['Abnormal secretion of gastrin'],"['Abnormality of secretion of gastrin', 'Abnormality of gastrin secretion', 'Gastrin secretion abnormality NOS', 'Abnormality of secretion of gastrin (finding)', 'Gastrin secretion abnormality NOS (disorder)', 'Abnormality of secretion of gastrin (disorder)']","[190443003, 47344007, 47344007, 190445005, 190445005]","['Abnormality of gastrin secretion', 'Abnormality of secretion of gastrin', 'Abnormality of secretion of gastrin (disorder)', 'Gastrin secretion abnormality NOS', 'Gastrin secretion abnormality NOS (disorder)']",473407,
C0000786,['O03'],"['156071003', '267294003', '198689000', '156074006', '156071003', '267294003', '156071003', '267294003', '198643007', '198631006', '198689000', '156074006', '198643007', '198631006']",['Spontaneous abortion'],"['Spontaneous abortion', 'Spontaneous abortion', 'Spontaneous abortion NOS', 'Spontaneous abortion NOS', 'Abortion - spontaneous', 'Abortion - spontaneous', 'Miscarriage', 'Miscarriage', 'Unspecified spontaneous abortion NOS', 'Spontaneous abortion unspecified', 'Spontaneous abortion NOS (disorder)', 'Spontaneous abortion NOS (disorder)', 'Unspecified spontaneous abortion NOS (disorder)', 'Spontaneous abortion unspecified (disorder)']","[17369002, 267294003, 156071003, 156074006, 156074006]","['Spontaneous abortion', 'Spontaneous abortion', 'Spontaneous abortion', 'Spontaneous abortion NOS', 'Spontaneous abortion NOS']",,
C0000809,['N96'],"['54726000', '102878001', '54726000', '102878001', '199090000', '199086002', '102878001', '156126009', '102878001', '146811001', '268574009', '102878001', '268574009', '146811001', '199090000', '54726000', '199086002', '102878001', '156126009', '102878001']",['Habitual aborter'],"['Habitual abortion', 'Habitual abortion', 'Habitual aborter', 'Habitual aborter', 'Habitual aborter NOS', 'Habitual aborter - unspecified', 'Recurrent abortion', 'Recurrent miscarriage', 'Recurrent miscarriage', 'Recurrent aborter', 'Recurrent aborter', 'Recurrent aborter', 'Aborter - recurrent', 'Aborter - recurrent', 'Habitual aborter NOS (disorder)', 'Habitual aborter (disorder)', 'Habitual aborter - unspecified (disorder)', 'Recurrent abortion (disorder)', 'Recurrent miscarriage (disorder)', 'Recurrent miscarriage (disorder)']","[102878001, 54726000, 54726000, 54726000, 199090000]","['Habitual aborter', 'Habitual aborter', 'Habitual aborter', 'Habitual aborter (disorder)', 'Habitual aborter NOS']",10287801,
C0000814,['O02.1'],"['156087000', '198616002', '16607004', '267187007', '16607004', '16607004', '267187007', '198616002', '156087000', '16607004', '16607004', '16607004']",['Missed abortion'],"['Missed abortion', 'Missed abortion', 'Missed abortion', 'Missed abortion', 'Foetal death before 22 weeks with retention of dead foetus', 'MA - Missed abortion', 'Missed abortion (disorder)', 'Missed abortion (disorder)', 'Missed abortion (disorder)', 'Missed abortion (disorder)', 'Missed miscarriage', 'Silent miscarriage']","[156087000, 267187007, 16607004, 198616002, 156087000]","['Missed abortion', 'Missed abortion', 'Missed abortion', 'Missed abortion', 'Missed abortion']",156087000,
C0000821,['O20.0'],"['54048003', '54048003', '198885008', '22689002', '54048003', '22689002', '156098004', '54048003', '198882006', '54048003', '198885008', '198882006', '22689002', '156098004']",['Threatened abortion'],"['Threatened abortion', 'Threatened abortion, NOS', 'Threatened abortion NOS', 'Threatened abortion (antepartum)', 'Threatened abortion (antepartum)', 'Threatened abortion, antepartum condition or complication', 'Threatened miscarriage', 'Threatened miscarriage', 'Threatened abortion unspecified', 'Threatened abortion (disorder)', 'Threatened abortion NOS (disorder)', 'Threatened abortion unspecified (disorder)', 'Threatened abortion (antepartum) (disorder)', 'Threatened miscarriage (disorder)']","[54048003, 198885008, 54048003, 54048003, 198885008]","['Threatened abortion', 'Threatened abortion NOS', 'Threatened abortion, NOS', 'Threatened abortion (disorder)', 'Threatened abortion NOS (disorder)']",5404803,
C0000832,"['O45', 'O45.9']","['35898002', '415105001', '35898002', '415105001', '35898002', '198908009', '415105001', '35898002', '415105001', '35898002', '415105001', '267198008', '156102007', '35898002', '198908009', '415105001', '198913008', '360561001', '35898002', '360561001', '35898002', '198909001', '35898002', '360561001', '405736009', '415105001', '360561001', '35898002', '405736009', '267198008', '156102007', '267198008', '415105001', '198913008', '198909001', '360561001', '35898002', '405736009']","['Premature separation of placenta [abruptio placentae]', 'Premature separation of placenta, unspecified']","['Abruptio placentae', 'Abruptio placentae', 'Premature separation of placenta', 'Premature separation of placenta', 'Ablatio placentae', 'Ablatio placentae', 'Ablatio placentae', 'Premature detachment of normally implanted placenta', 'Premature detachment of normally implanted placenta', 'Premature detachment of placenta', 'Premature detachment of placenta', 'Placental abruption', 'Placental abruption', 'Placental abruption', 'Placental abruption', 'Placental abruption', 'Placental abruption NOS', 'Accidental haemorrhage', 'Accidental haemorrhage', 'Accidental hemorrhage', 'Accidental hemorrhage', 'Placental abruption unspecified', 'Accidental antepartum haemorrhage', 'Accidental antepartum haemorrhage', 'Accidental antepartum haemorrhage', 'Accidental antepartum haemorrhage', 'Accidental antepartum hemorrhage', 'Accidental antepartum hemorrhage', 'Accidental antepartum hemorrhage', 'Placental abruption [Ambiguous]', 'Placental abruption (disorder)', 'Placental abruption (disorder)', 'Placental abruption (disorder)', 'Placental abruption NOS (disorder)', 'Placental abruption unspecified (disorder)', 'Accidental hemorrhage (finding)', 'Premature separation of placenta (disorder)', 'Accidental antepartum hemorrhage (disorder)']","[415105001, 35898002, 198913008, 415105001, 267198008]","['Abruptio placentae', 'Abruptio placentae', 'Placental abruption NOS (disorder)', 'Placental abruption (disorder)', 'Placental abruption (disorder)']",,
C0000889,['L83'],"['72129000', '402599005', '72129000', '72129000', '402599005']",['Acanthosis nigricans'],"['Acanthosis nigricans', 'Acanthosis nigricans', 'Keratosis nigricans', 'AN - Acanthosis nigricans', 'Acanthosis nigricans (disorder)']","[402599005, 72129000, 402599005, 72129000, 238634000]","['Acanthosis nigricans', 'Acanthosis nigricans', 'Acanthosis nigricans (disorder)', 'AN - Acanthosis nigricans', 'Benign acanthosis nigricans']",4025905,
C0001079,['Q77.0'],"['205467007', '2391001', '2391001', '2391001']",['Achondrogenesis'],"['Achondrogenesis', 'Achondrogenesis', 'Achondrogenesis, NOS', 'Achondrogenesis (disorder)']","[2391001, 205467007, 2391001, 2391001, 268273004]","['Achondrogenesis', 'Achondrogenesis', 'Achondrogenesis, NOS', 'Achondrogenesis (disorder)', 'Achondroplasia']",231001,
C0001080,['Q77.4'],"['268273004', '205467007', '268350005', '86268005', '86268005', '86268005', '268273004', '86268005', '205467007', '268273004', '86268005', '190584003', '248299001', '190584003', '86268005', '86268005', '268273004', '86268005', '248299001']",['Achondroplasia'],"['Achondroplasia', 'Achondroplasia', 'Achondroplasia', 'Achondroplasia', 'Chondrodystrophia fetalis', 'Congenital osteosclerosis', 'Achondroplastic dwarfism', 'Achondroplastic dwarfism', 'Achondroplastic dwarf', 'Achondroplastic dwarf', 'Achondroplastic dwarf', 'Physiologic dwarfism', 'Achondroplastic physique', 'Achondroplastic physique', 'Chondrodystrophia foetalis', 'Osteosclerosis congenita', 'Achondroplasia (disorder)', 'Achondroplasia (disorder)', 'Achondroplastic physique (finding)']","[268273004, 86268005, 268350005, 205467007, 268273004]","['Achondroplasia', 'Achondroplasia', 'Achondroplasia', 'Achondroplasia', 'Achondroplasia']",26827304,
C0001122,['E87.2'],"['154757004', '51387008', '51387008', '190887001', '154757004', '51387008', '190887001']",['Acidosis'],"['Acidosis', 'Acidosis', 'Acidosis, NOS', 'Acidosis NOS', 'Acidosis (disorder)', 'Acidosis (disorder)', 'Acidosis NOS (disorder)']","[154757004, 51387008, 154757004, 190887001, 154757004]","['Acidosis', 'Acidosis', 'Acidosis', 'Acidosis NOS', 'Acidosis (disorder)']",,
C0001144,['L70.0'],"['156419001', '201214004', '267867008', '88616000', '156419001', '267867008', '88616000', '88616000']",['Acne vulgaris'],"['Acne vulgaris', 'Acne vulgaris', 'Acne vulgaris', 'Acne vulgaris', 'Vulgaris - acne', 'Vulgaris - acne', 'Common acne', 'Acne vulgaris (disorder)']","[11381005, 88616000, 267867008, 201214004, 156419001]","['Acne vulgaris', 'Acne vulgaris', 'Acne vulgaris', 'Acne vulgaris', 'Acne vulgaris']",138105,
C0001145,['L73.0'],"['201206005', '201227000', '238746008', '49265008', '49265008', '403362001', '238742005', '49265008', '49265008', '49265008', '238742005', '201206005', '238746008', '201227000', '238742005', '49265008']",['Acne keloid'],"['Acne keloid', 'Acne keloid', 'Acne keloid', 'Folliculitis cheloidalis', 'Folliculitis keloidalis', 'Keloidal acne', 'Acne keloidalis', 'Dermatitis papillaris capilliti', 'Folliculitis keloidalis nuchae', 'Sycosis nuchae', 'Acne cheloidalis', 'Acne keloid (disorder)', 'Acne keloid (disorder)', 'Acne keloid (disorder)', 'Acne keloidalis (disorder)', 'Folliculitis keloidalis nuchae (disorder)']","[201227000, 201206005, 238746008, 201227000, 201206005]","['Acne keloid', 'Acne keloid', 'Acne keloid', 'Acne keloid', 'Acne keloid']",20127000,
C0001163,['H93.3'],"['77949003', '77949003', '194402005', '77949003', '77949003', '77949003', '77949003', '77949003', '77949003', '194402005']",['Disorders of acoustic nerve'],"['Disorder of acoustic nerve', 'Disorder of acoustic nerve, NOS', 'Acoustic nerve disorder NOS', 'Disorder of eighth nerve', 'Disorder of eighth nerve, NOS', 'Disorder of the vestibulocochlear nerve', 'Disorder of the vestibulocochlear nerve, NOS', 'Disorder of acoustovestibular nerve', 'Disorder of acoustic nerve (disorder)', 'Acoustic nerve disorder NOS (disorder)']","[77949003, 77949003, 77949003, 194402005, 194402005]","['Disorder of acoustic nerve', 'Disorder of acoustic nerve (disorder)', 'Disorder of acoustic nerve, NOS', 'Acoustic nerve disorder NOS (disorder)', 'Acoustic nerve disorder NOS']",794903,
C0001169,['D68.4'],"['191295001', '25904003', '25904003', '191300004', '25904003', '191295001', '25904003', '191300004']",['Acquired coagulation factor deficiency'],"['Acquired coagulation factor deficiency', 'Acquired coagulation factor deficiency', 'Acquired coagulation factor deficiency, NOS', 'Acquired coagulation factor deficiency NOS', 'Acquired clotting factor deficiency', 'Acquired coagulation factor deficiency (disorder)', 'Acquired coagulation factor deficiency (disorder)', 'Acquired coagulation factor deficiency NOS (disorder)']","[25904003, 191295001, 191295001, 25904003, 191295001]","['Acquired coagulation factor deficiency', 'Acquired coagulation factor deficiency', 'Acquired coagulation factor deficiency', 'Acquired coagulation factor deficiency (disorder)', 'Acquired coagulation factor deficiency (disorder)']",,
C0001171,['M95.4'],"['156876009', '203676006', '203680001', '203680001', '203676006', '156876009']",['Acquired deformity of chest and rib'],"['Acquired chest and rib deformity', 'Acquired chest and rib deformity', 'Acquired chest or rib deformity NOS', 'Acquired chest or rib deformity NOS (disorder)', 'Acquired chest and rib deformity (disorder)', 'Acquired chest and rib deformity (disorder)']","[156876009, 203676006, 156876009, 156876009, 203676006]","['Acquired chest and rib deformity', 'Acquired chest and rib deformity', 'Acquired chest and rib deformity', 'Acquired chest and rib deformity (disorder)', 'Acquired chest and rib deformity (disorder)']",,
C0001231,['E24.3'],"['626004', '626004', '626004', '626004', '237829004', '237829004', '237829004', '237829004', '626004']",['Ectopic ACTH syndrome'],"['Ectopic ACTH syndrome', 'Hypercortisolism due to nonpituitary tumor', 'Hypercortisolism due to nonpituitary tumour', ""Ectopic ACTH secretion causing Cushing's syndrome"", 'Ectopic ACTH secretion', 'Ectopic adrenocorticotropic hormone secretion (finding)', 'Ectopic adrenocorticotropic hormone secretion', 'Ectopic ACTH secretion (finding)', 'Hypercortisolism due to nonpituitary tumor (disorder)']","[626004, 264303006, 237829004, 237829004, 626004]","['Ectopic ACTH syndrome', 'Ectopic ACTH', 'Ectopic ACTH secretion', 'Ectopic ACTH secretion (finding)', ""Ectopic ACTH secretion causing Cushing's syndrome""]",62604,
C0001261,"['A42', 'A42.9']","['50508009', '154314007', '266185008', '11817007', '50508009', '238416009', '11817007', '266185008', '154314007', '11817007', '186405006', '186402009', '187335006', '186405006', '186402009', '187335006', '238416009', '11817007', '50508009']","['Actinomycosis', 'Actinomycosis, unspecified']","['Actinomycosis', 'Actinomycosis', 'Actinomycosis', 'Actinomycosis', 'Actinomycosis, NOS', 'Actinomycotic infection', 'Actinomycotic infection', 'Actinomycotic infections', 'Actinomycotic infections', 'Actinomycotic infection, NOS', 'Actinomycosis unspecified site NOS', 'Actinomycosis unspecified site', '[X]Actinomycosis, unspecified', 'Actinomycosis unspecified site NOS (disorder)', 'Actinomycosis unspecified site (disorder)', '[X]Actinomycosis, unspecified (disorder)', 'Actinomycotic infection (disorder)', 'Actinomycotic infection (disorder)', 'Actinomycosis (disorder)']","[186402009, 186405006, 186405006, 186402009, 50508009]","['Actinomycosis unspecified site', 'Actinomycosis unspecified site NOS', 'Actinomycosis unspecified site NOS (disorder)', 'Actinomycosis unspecified site (disorder)', 'Actinomycosis, NOS']",,
C0001263,['A42.1'],"['43894001', '43894001', '43894001']",['Abdominal actinomycosis'],"['Abdominal actinomycosis', 'Ray fungus disease of the intestines', 'Abdominal actinomycosis (disorder)']","[43894001, 43894001, 266090008, 186394003, 1163069001]","['Abdominal actinomycosis', 'Abdominal actinomycosis (disorder)', 'Ileocaecal actinomycosis', 'Actinomycosis of cecum', 'Actinomycotic enteritis']",,
C0001264,['A42.2'],"['23014006', '398697005', '23014006', '402991001', '402991001', '23014006']",['Cervicofacial actinomycosis'],"['Cervicofacial actinomycosis', 'Lumpy jaw', 'Lumpy jaw', 'Cervico-facial actinomycosis (disorder)', 'Cervico-facial actinomycosis', 'Cervicofacial actinomycosis (disorder)']","[23014006, 23014006, 402991001, 402991001, 237085007]","['Cervicofacial actinomycosis', 'Cervicofacial actinomycosis (disorder)', 'Cervico-facial actinomycosis', 'Cervico-facial actinomycosis (disorder)', 'Actinomycotic cervicitis']",201406,
C0001309,['H10.1'],"['193863004', '67678004', '67678004', '67678004', '193863004', '67678004', '67678004']",['Acute atopic conjunctivitis'],"['Acute atopic conjunctivitis', 'Acute atopic conjunctivitis', 'Critical allergic conjunctivitis syndrome', ""Angelucci's syndrome"", 'Acute atopic conjunctivitis (disorder)', 'Acute atopic conjunctivitis (disorder)', 'Acute allergic conjunctivitis']","[67678004, 193863004, 193863004, 67678004, 193863004]","['Acute atopic conjunctivitis', 'Acute atopic conjunctivitis', 'Acute atopic conjunctivitis', 'Acute atopic conjunctivitis (disorder)', 'Acute atopic conjunctivitis (disorder)']",676704,
C0001311,"['J21', 'J21.9']","['155513009', '5505005', '5505005', '195741000', '5505005', '195734006', '5505005', '195734006', '155513009', '5505005', '195741000']","['Acute bronchiolitis', 'Acute bronchiolitis, unspecified']","['Acute bronchiolitis', 'Acute bronchiolitis', 'Acute bronchiolitis, NOS', 'Acute bronchiolitis NOS', 'Capillary pneumonia', 'Acute capillary bronchiolitis', 'Acute capillary bronchiolitis', 'Acute capillary bronchiolitis (disorder)', 'Acute bronchiolitis (disorder)', 'Acute bronchiolitis (disorder)', 'Acute bronchiolitis NOS (disorder)']","[195741000, 5505005, 195741000, 5505005, 155513009]","['Acute bronchiolitis NOS', 'Acute bronchiolitis, NOS', 'Acute bronchiolitis NOS (disorder)', 'Acute bronchiolitis (disorder)', 'Acute bronchiolitis (disorder)']",,
C0001317,['C94.0'],"['188752009', '271486002', '271486002', '188752009', '271486002']",['Acute erythraemia and erythroleukaemia'],"['Acute erythremia and erythroleukemia', 'Acute erythremia and erythroleukemia', 'Acute erythraemia and erythroleukaemia', 'Acute erythraemia and erythroleukaemia', 'Acute erythremia and erythroleukemia (disorder)']","[188752009, 271486002, 271486002, 188752009, 271486002]","['Acute erythraemia and erythroleukaemia', 'Acute erythraemia and erythroleukaemia', 'Acute erythremia and erythroleukemia', 'Acute erythremia and erythroleukemia', 'Acute erythremia and erythroleukemia (disorder)']",,
C0001327,['J04.0'],"['155506009', '6655004', '195690008', '155506009', '6655004', '195690008']",['Acute laryngitis'],"['Acute laryngitis', 'Acute laryngitis', 'Acute laryngitis NOS', 'Acute laryngitis (disorder)', 'Acute laryngitis (disorder)', 'Acute laryngitis NOS (disorder)']","[155506009, 6655004, 155506009, 6655004, 155506009]","['Acute laryngitis', 'Acute laryngitis', 'Acute laryngitis', 'Acute laryngitis (disorder)', 'Acute laryngitis (disorder)']",1550609,
C0001339,['K85'],"['39726008', '155834006', '197456007', '197461009', '266476001', '197461009', '197457003', '197456007', '39726008', '155834006', '39726008', '197456007', '266476001', '197461009', '197457003']",['Acute pancreatitis'],"['Acute pancreatitis', 'Acute pancreatitis', 'Acute pancreatitis', 'Acute pancreatitis NOS', 'Acute pancreatitis NOS', 'Pancreatitis (& [acute NOS])', 'Acute pancreatitis unspecified', 'AP - Acute pancreatitis', 'Acute pancreatitis (disorder) [Ambiguous]', 'Acute pancreatitis (disorder)', 'Acute pancreatitis (disorder)', 'Acute pancreatitis (disorder)', 'Acute pancreatitis NOS (disorder)', 'Pancreatitis (& [acute NOS]) (disorder)', 'Acute pancreatitis unspecified (disorder)']","[197456007, 155834006, 155834006, 39726008, 155834006]","['Acute pancreatitis', 'Acute pancreatitis', 'Acute pancreatitis', 'Acute pancreatitis', 'Acute pancreatitis (disorder)']",,
C0001342,['K05.2'],"['155646007', '196361004', '21638000', '196364007', '196362006', '21638000', '196362006', '155646007', '196361004', '21638000', '196364007', '21638000']",['Acute periodontitis'],"['Acute periodontitis', 'Acute periodontitis', 'Acute periodontitis', 'Acute periodontitis NOS', 'Acute pericementitis', 'Acute pericementitis', 'Acute pericementitis (disorder)', 'Acute periodontitis (disorder)', 'Acute periodontitis (disorder)', 'Acute periodontitis (disorder)', 'Acute periodontitis NOS (disorder)', 'Aggressive periodontitis']","[196361004, 155646007, 21638000, 196361004, 155646007]","['Acute periodontitis', 'Acute periodontitis', 'Acute periodontitis', 'Acute periodontitis', 'Acute periodontitis']",,
C0001344,"['J02', 'J02.9']","['195654001', '155502006', '27321001', '266379007', '363746003', '367427004', '27321001', '195664005', '266379007', '155502006', '27321001', '27321001', '363746003', '195664005', '367427004']","['Acute pharyngitis', 'Acute pharyngitis, unspecified']","['Acute pharyngitis', 'Acute pharyngitis', 'Acute pharyngitis', 'Acute pharyngitis', 'Acute pharyngitis', 'Acute pharyngitis, NOS', 'Acute pharyngitis, NOS', 'Acute pharyngitis NOS', 'Pharyngitis - acute', 'Pharyngitis - acute', 'Acute pharyngitis (disorder) [Ambiguous]', 'Acute pharyngitis (disorder)', 'Acute pharyngitis (disorder)', 'Acute pharyngitis NOS (disorder)', 'Acute pharyngitis, NOS (disorder)']","[195664005, 367427004, 27321001, 367427004, 195664005]","['Acute pharyngitis NOS', 'Acute pharyngitis, NOS', 'Acute pharyngitis, NOS', 'Acute pharyngitis, NOS', 'Acute pharyngitis NOS (disorder)']",3642704,
C0001360,['E06.0'],"['154665005', '190293001', '190295008', '154665005', '190293001', '190295008']",['Acute thyroiditis'],"['Acute thyroiditis', 'Acute thyroiditis', 'Acute thyroiditis NOS', 'Acute thyroiditis (disorder)', 'Acute thyroiditis (disorder)', 'Acute thyroiditis NOS (disorder)']","[190293001, 154665005, 154665005, 190293001, 154665005]","['Acute thyroiditis', 'Acute thyroiditis', 'Acute thyroiditis', 'Acute thyroiditis (disorder)', 'Acute thyroiditis (disorder)']",19029301,
C0001361,"['J03', 'J03.9']","['195665006', '155503001', '17741008', '195678006', '195665006', '312424000', '17741008', '155503001', '17741008', '195678006', '195665006', '312424000']","['Acute tonsillitis', 'Acute tonsillitis, unspecified']","['Acute tonsillitis', 'Acute tonsillitis', 'Acute tonsillitis', 'Acute tonsillitis NOS', 'Tonsillitis (& acute)', 'Infective tonsillitis', 'Infective tonsillitis', 'Acute tonsillitis (disorder)', 'Acute tonsillitis (disorder)', 'Acute tonsillitis NOS (disorder)', 'Tonsillitis (& acute) (disorder)', 'Infective tonsillitis (disorder)']","[195678006, 195678006, 17741008, 155503001, 17741008]","['Acute tonsillitis NOS', 'Acute tonsillitis NOS (disorder)', 'Acute tonsillitis (disorder)', 'Acute tonsillitis (disorder)', 'Acute tonsillitis']",1956706,
C0001486,['B34.0'],"['266203007', '154371005', '25225006', '25225006', '186742003', '25225006', '25225006', '187465002', '25225006', '25225006', '25225006', '187465002', '186742003']","['Adenovirus infection, unspecified']","['Adenovirus infection', 'Adenovirus infection', 'Adenovirus infection', 'Adenovirus infection, NOS', 'Adenovirus (& infection)', 'Disease due to Adenovirus, NOS', 'Disease due to Adenovirus', '[X]Adenovirus infection, unspecified', 'Disease caused by Adenovirus (disorder)', 'Disease caused by Adenovirus', 'Disease due to Adenovirus (disorder)', '[X]Adenovirus infection, unspecified (disorder)', 'Adenovirus (& infection) (disorder)']","[25225006, 25225006, 154371005, 266203007, 187465002]","['Adenovirus infection, NOS', 'Adenovirus infection', 'Adenovirus infection', 'Adenovirus infection', '[X]Adenovirus infection, unspecified']",,
C0001546,['F43.2'],"['154942003', '17226007', '17226007', '63608001', '192041001', '17226007', '367487002', '63608001', '154942003', '17226007', '192416004']",['Adjustment disorders'],"['Adjustment disorder', 'Adjustment disorder', 'Adjustment disorder, NOS', 'Brief situational non-psychotic disorder', 'Brief situational non-psychotic disorder', 'Brief situational non-psychotic disorder, NOS', 'Brief situational non-psychotic disorder, NOS', 'Brief situational non-psychotic disorder, NOS', 'Adjustment disorder (disorder)', 'Adjustment disorder (disorder)', '[X]Adjustment disorders']","[17226007, 154942003, 154942003, 17226007, 154942003]","['Adjustment disorder', 'Adjustment disorder', 'Adjustment disorder', 'Adjustment disorder (disorder)', 'Adjustment disorder (disorder)']",172607,
C0001621,['E27.9'],"['30171000', '30171000', '30171000', '154704000', '30171000', '30171000', '190532009', '30171000', '30171000', '154704000', '30171000', '190532009']","['Disorder of adrenal gland, unspecified']","['Disease of adrenal gland', 'Disease of adrenal gland, NOS', 'Adrenal disorder', 'Disorder of adrenal gland', 'Disorder of adrenal gland', 'Disorder of adrenal gland, NOS', 'Adrenal gland disorder NOS', 'Adrenal disease', 'Disease of adrenal gland (disorder)', 'Disorder of adrenal gland (disorder)', 'Disorder of adrenal gland (disorder)', 'Adrenal gland disorder NOS (disorder)']","[30171000, 30171000, 154704000, 30171000, 154704000]","['Disorder of adrenal gland, NOS', 'Disorder of adrenal gland (disorder)', 'Disorder of adrenal gland (disorder)', 'Disorder of adrenal gland', 'Disorder of adrenal gland']",30171000,
C0001816,['R48.1'],"['42341009', '42341009', '42341009', '206989009', '158320000', '206989009', '42341009', '206989009', '158320000']",['Agnosia'],"['Agnosia', 'Agnosia, NOS', 'Loss of perception of sensory stimuli', '[D]Agnosia', '[D]Agnosia', '[D]Agnosia (context-dependent category)', 'Agnosia (finding)', '[D]Agnosia (situation)', '[D]Agnosia (situation)']","[42341009, 42341009, 42341009, 158320000, 158320000]","['Agnosia', 'Agnosia, NOS', 'Agnosia (finding)', '[D]Agnosia', '[D]Agnosia']",4234109,
C0001818,['F40.0'],"['154885006', '70691001', '70691001', '70691001', '247830007', '70691001', '154885006', '70691001', '192394003', '247830007']",['Agoraphobia'],"['Agoraphobia', 'Agoraphobia', 'Agoraphobia, NOS', 'Fear of open places', 'Fear of open spaces', 'Phobia of going out', 'Agoraphobia (disorder)', 'Agoraphobia (disorder)', '[X]Agoraphobia', 'Fear of open spaces (finding)']","[154885006, 70691001, 154885006, 70691001, 154885006]","['Agoraphobia', 'Agoraphobia', 'Agoraphobia', 'Agoraphobia (disorder)', 'Agoraphobia (disorder)']",,
C0001824,['D70'],"['154830007', '165508008', '142919000', '191336001', '17182001', '191350006', '17182001', '154830007', '142919000', '17182001', '191350006', '165508008']",['Agranulocytosis'],"['Agranulocytosis', 'Agranulocytosis', 'Agranulocytosis', 'Agranulocytosis', 'Agranulocytosis', 'Agranulocytosis NOS', 'Schultz disease', 'Agranulocytosis (disorder)', 'Agranulocytosis (disorder)', 'Agranulocytosis (disorder)', 'Agranulocytosis NOS (disorder)', 'Agranulocytosis (finding)']","[17182001, 191336001, 142919000, 165508008, 154830007]","['Agranulocytosis', 'Agranulocytosis', 'Agranulocytosis', 'Agranulocytosis', 'Agranulocytosis']",,
C0001849,['F02.4'],"['12741002', '12741002', '12741002', '421529006', '192178000', '12741002', '421529006', '12741002', '421529006', '12741002', '421529006', '421529006', '421529006', '421529006', '421529006', '421529006', '12741002', '421529006', '421529006', '421529006', '192178000']",['Dementia in human immunodeficiency virus [HIV] disease'],"['AIDS with dementia, NOS', 'AIDS with dementia', 'ADC - Acquired immune deficiency syndrome dementia complex', 'ADC - Acquired immune deficiency syndrome dementia complex', 'Acquired immune deficiency syndrome dementia complex', 'Acquired immune deficiency syndrome dementia complex', 'Acquired immune deficiency syndrome dementia complex', 'Acquired immune deficiency syndrome-related dementia', 'Acquired immune deficiency syndrome-related dementia', 'AIDS - Acquired immune deficiency syndrome dementia complex', 'AIDS - Acquired immune deficiency syndrome dementia complex', 'Dementia associated with acquired immunodeficiency syndrome', 'Dementia associated with acquired immunodeficiency syndrome (disorder)', 'Dementia with acquired immunodeficiency syndrome (disorder)', 'Dementia with acquired immunodeficiency syndrome', 'AIDS (acquired immunodeficiency syndrome) dementia complex', 'AIDS with dementia (disorder)', 'Dementia associated with AIDS', 'Dementia associated with AIDS (disorder)', 'Dementia with AIDS (acquired immunodeficiency syndrome)', 'Acquired immune deficiency syndrome dementia complex (disorder)']","[713844000, 713844000, 421529006, 421529006, 421529006]","['Dementia co-occurrent with human immunodeficiency virus infection', 'Dementia co-occurrent with human immunodeficiency virus infection (disorder)', 'Dementia associated with AIDS (disorder)', 'Dementia associated with AIDS', 'Dementia with AIDS (acquired immunodeficiency syndrome)']",,
C0001860,['L94.6'],"['51404004', '38528001', '38528001', '38528001', '38528001']",['Ainhum'],"['Ainhum', 'Ainhum', 'Dactylolysis spontanea', 'Ainhum - dactylolysis spontanea', 'Ainhum (disorder)']","[38528001, 51404004, 38528001, 238879003, 238879003]","['Ainhum', 'Ainhum', 'Ainhum (disorder)', 'Pseudo-ainhum', 'Pseudo-ainhum (disorder)']",,
C0001916,['E70.3'],"['190695000', '190688009', '267498002', '154738008', '15890002', '15890002', '190695000', '190695000', '15890002', '15890002', '15890002']",['Albinism'],"['Albinism', 'Albinism', 'Albinism', 'Albinism', 'Albinism', 'Albinism, NOS', 'Albino', 'Albinismus', 'Albinismus', 'Albinismus, NOS', 'Albinism (disorder)']","[15890002, 154738008, 267498002, 190688009, 190695000]","['Albinism', 'Albinism', 'Albinism', 'Albinism', 'Albinism']",,
C0001940,['F10.6'],"['73097000', '191473002', '73097000', '192213005', '192213005', '69482004', '69482004', '69482004', '69482004', '192213005', '192213005', '73097000', '191473002']","['Mental and behavioural disorders due to use of alcohol, amnesic syndrome']","['Alcohol amnestic disorder', 'Alcohol amnestic syndrome NOS', 'Alcohol-induced persisting amnestic disorder', '[X]Mental and behavioural disorders due to use of alcohol: amnesic syndrome', '[X]Mental and behavioral disorders due to use of alcohol: amnesic syndrome', 'Amnesic syndrome due to alcohol', 'Alcoholic amnestic syndrome', 'Korsakov alcoholic psychosis', 'Korsakov syndrome - alcoholic', ""[X]Korsakov's psychosis, alcohol-induced"", '[X]Mental and behavioral disorders due to use of alcohol: amnesic syndrome (disorder)', 'Alcohol amnestic disorder (disorder)', 'Alcohol amnestic syndrome NOS (disorder)']","[192213005, 192213005, 192213005, 69482004, 191473002]","['[X]Mental and behavioural disorders due to use of alcohol: amnesic syndrome', '[X]Mental and behavioral disorders due to use of alcohol: amnesic syndrome', '[X]Mental and behavioral disorders due to use of alcohol: amnesic syndrome (disorder)', 'Amnesic syndrome due to alcohol', 'Alcohol amnestic syndrome NOS (disorder)']",,
C0001948,['Z72.1'],"['160573003', '137980000', '160599005', '160573003', '160573003', '137952002', '160573003', '160573003', '897148007', '160573003', '897148007', '897148007', '160573003', '137952002', '137980000', '160599005']",['Alcohol use'],"['Alcohol consumption', 'Alcohol consumption NOS', 'Alcohol consumption NOS', 'AI - Alcohol intake', 'ETOH - Alcohol intake', 'Alcohol intake', 'Alcohol intake', 'Alcoholic drink intake', 'Alcoholic drink intake', 'Ethanol intake', 'Alcoholic beverage intake (observable entity)', 'Alcoholic beverage intake', 'Alcohol intake (observable entity)', 'Alcohol intake (observable entity)', 'Alcohol consumption NOS (observable entity)', 'Alcohol consumption NOS (finding)']","[302237007, 316244005, 302237007, 316244005, 307730003]","['[V] Alcohol use', '[V] Alcohol use', '[V] Alcohol use', '[V] Alcohol use', '[V] Alcohol use']",30237007,
C0001957,['F10.4'],"['8635005', '154853008', '8635005', '192211007', '192211007', '8635005', '192211007', '192211007', '8635005', '154853008']","['Mental and behavioural disorders due to use of alcohol, withdrawal state with delirium']","['Alcohol withdrawal delirium', 'Delirium tremens', 'Delirium tremens', '[X]Mental and behavioural disorders due to use of alcohol: withdrawal state with delirium', '[X]Mental and behavioral disorders due to use of alcohol: withdrawal state with delirium', 'DTs - delirium tremens', '[X]Delirium tremens, alcohol-induced', '[X]Mental and behavioral disorders due to use of alcohol: withdrawal state with delirium (disorder)', 'Alcohol withdrawal delirium (disorder)', 'Delirium tremens (disorder)']","[192211007, 192211007, 192211007, 8635005, 8635005]","['[X]Mental and behavioural disorders due to use of alcohol: withdrawal state with delirium', '[X]Mental and behavioral disorders due to use of alcohol: withdrawal state with delirium', '[X]Mental and behavioral disorders due to use of alcohol: withdrawal state with delirium (disorder)', 'Alcohol withdrawal delirium (disorder)', 'Alcohol withdrawal delirium']",,
C0001973,['F10.2'],"['268764008', '66590003', '191801006', '7200002', '7200002', '191801006', '268764008', '66590003', '191815008', '191808000', '87012002', '268764008', '7200002', '268639004', '191808000', '66590003', '191814007', '192209003', '268683008', '192209003', '268683008', '191809008', '284591009', '284591009', '191801006', '7200002', '284591009', '192209003', '191801006', '268683008', '268764008', '154908007', '66590003', '191815008', '268639004', '191808000', '191814007', '268639004', '191809008', '192209003', '7200002', '87012002', '192209003', '191808000', '191801006', '268764008', '154908007']","['Mental and behavioural disorders due to use of alcohol, dependence syndrome']","['Alcohol dependence', 'Alcohol dependence', 'Alcoholism', 'Alcoholism', 'Alcoholism, NOS', 'Alcohol dependence syndrome', 'Alcohol dependence syndrome', 'Alcohol dependence syndrome', 'Alcohol dependence syndrome NOS', 'Dipsomania', 'Dipsomania', 'Dipsomania', 'Dipsomania', 'Chronic alcoholism', 'Chronic alcoholism', 'Chronic alcoholism', 'Chronic alcoholism NOS', '[X]Mental and behavioural disorders due to use of alcohol: dependence syndrome', '[X]Mental and behavioural disorders due to use of alcohol: dependence syndrome', '[X]Mental and behavioral disorders due to use of alcohol: dependence syndrome', '[X]Mental and behavioral disorders due to use of alcohol: dependence syndrome', 'Unspecified chronic alcoholism', 'Chronic alcohol abuse', 'Persistent alcohol abuse', 'Alcohol problem drinking', 'Alcohol problem drinking', 'Persistent alcohol abuse (disorder)', '[X]Alcohol addiction', '(Alcohol dependence syndrome [including alcoholism]) or (alcohol problem drinking)', '[X]Mental and behavioral disorders due to use of alcohol: dependence syndrome (disorder)', 'Alcohol dependence syndrome (& [dipsomania])', 'Alcohol dependence syndrome (& [dipsomania])', 'Alcohol dependence (disorder)', 'Alcohol dependence syndrome NOS (disorder)', 'Chronic alcoholism [Ambiguous]', 'Chronic alcoholism (& [dipsomania])', 'Chronic alcoholism NOS (disorder)', 'Chronic alcoholism (disorder)', 'Unspecified chronic alcoholism (disorder)', '[X]Chronic alcoholism', 'Alcoholism (disorder)', 'Dipsomania (finding)', '[X]Dipsomania', 'Chronic alcoholism (& [dipsomania]) (disorder)', '(Alcohol dependence syndrome [including alcoholism]) or (alcohol problem drinking) (disorder)', 'Alcohol dependence syndrome (& [dipsomania]) (disorder)', 'Alcohol dependence syndrome (& [dipsomania]) (disorder)']","[268683008, 192209003, 268683008, 192209003, 268683008]","['[X]Mental and behavioural disorders due to use of alcohol: dependence syndrome', '[X]Mental and behavioural disorders due to use of alcohol: dependence syndrome', '[X]Mental and behavioral disorders due to use of alcohol: dependence syndrome', '[X]Mental and behavioral disorders due to use of alcohol: dependence syndrome', '[X]Mental and behavioral disorders due to use of alcohol: dependence syndrome (disorder)']",26868308,
C0002063,['E87.3'],"['154758009', '21420006', '21420006', '190892004', '154758009', '21420006', '190892004']",['Alkalosis'],"['Alkalosis', 'Alkalosis', 'Alkalosis, NOS', 'Alkalosis NOS', 'Alkalosis (disorder)', 'Alkalosis (disorder)', 'Alkalosis NOS (disorder)']","[154758009, 21420006, 154758009, 190892004, 21420006]","['Alkalosis', 'Alkalosis', 'Alkalosis', 'Alkalosis NOS', 'Alkalosis, NOS']",,
C0002171,"['L63', 'L63.9']","['201131001', '68225006', '68225006', '68225006', '68225006', '238727007', '68225006', '68225006', '238727007']","['Alopecia areata', 'Alopecia areata, unspecified']","['Alopecia areata', 'Alopecia areata', 'Alopecia circumscripta', 'Patchy loss of hair', 'AA - Alopecia areata', 'Circumscribed alopecia', 'Circumscribed alopecia', 'Alopecia areata (disorder)', 'Circumscribed alopecia (disorder)']","[68225006, 68225006, 201131001, 68225006, 46586006]","['Alopecia areata (disorder)', 'Alopecia areata', 'Alopecia areata', 'AA - Alopecia areata', 'Diffuse alopecia areata']",,
C0002173,['L65.2'],"['201150001', '27382006', '27382006', '27382006', '201150001']",['Alopecia mucinosa'],"['Follicular mucinosis', 'Follicular mucinosis', 'Alopecia mucinosa', 'Alopecia mucinosa (disorder)', 'Follicular mucinosis (disorder)']","[27382006, 27382006, 1222603008, 1222603008, 402721001]","['Alopecia mucinosa', 'Alopecia mucinosa (disorder)', 'Lichen mucinosis', 'Lichen mucinosis (morphologic abnormality)', 'Cutaneous mucinosis']",,
C0002312,['D56.0'],"['68913001', '191186002', '68913001', '68913001', '191186002', '68913001', '68913001', '68913001', '68913001', '68913001', '68913001', '68913001', '68913001']",['Alpha thalassaemia'],"['alpha Thalassemia', 'Alpha thalassemia', 'Alpha thalassemia', 'alpha Thalassemia, NOS', 'Alpha thalassaemia', 'Alpha thalassaemia', 'alpha thalassaemia', 'alpha thalassemia', 'alpha Thalassaemia', 'Alpha thalassemia syndrome', 'Alpha thalassaemia syndrome', 'Alpha thalassemia (disorder)', 'alpha Thalassemia (disorder)']","[68913001, 68913001, 68913001, 191186002, 234384006]","['alpha Thalassaemia', 'alpha thalassaemia', 'Alpha thalassaemia', 'Alpha thalassaemia', 'Alpha thalassaemia trait']",691301,
C0002395,"['G30', 'G30.9']","['73768007', '267688001', '154998003', '26929004', '26929004', '26929004', '26929004', '26929004', '26929004', '26929004']","[""Alzheimer's disease"", ""Alzheimer's disease, unspecified""]","[""Alzheimer's disease"", ""Alzheimer's disease"", ""Alzheimer's disease"", ""Alzheimer's disease"", ""Alzheimer's disease, NOS"", 'Alzheimer disease', 'Alzheimers disease', ""AD - Alzheimer's disease"", 'Alzheimer dementia', ""Alzheimer's disease (disorder)""]","[26929004, 26929004, 154998003, 267688001, 73768007]","[""Alzheimer's disease, NOS"", ""Alzheimer's disease"", ""Alzheimer's disease"", ""Alzheimer's disease"", ""Alzheimer's disease""]",2692904,
C0002438,"['A06', 'A06.9']","['387754006', '111909004', '154274000', '388759003', '111910009', '387754006', '111909004', '154274000', '388759003', '111910009', '186122001', '186122001', '105637008', '187278004', '187278004', '282008000', '111909004', '111910009', '282008000', '111909004', '111910009', '105637008', '105637008', '186122001', '111909004', '154274000', '187278004', '111910009', '282008000', '105637008']","['Amoebiasis', 'Amoebiasis, unspecified']","['Amebiasis', 'Amebiasis', 'Amebiasis', 'Amebiasis', 'Amebiasis', 'Amoebiasis', 'Amoebiasis', 'Amoebiasis', 'Amoebiasis', 'Amoebiasis', 'Amebiasis NOS', 'Amoebiasis NOS', 'Disease due to Endamoebidae', '[X]Amoebiasis, unspecified', '[X]Amebiasis, unspecified', 'Amebic infection', 'Amebic infection', 'Amebic infection', 'Amoebic infection', 'Amoebic infection', 'Amoebic infection', 'Disease caused by Endamoebidae (disorder)', 'Disease caused by Endamoebidae', 'Amebiasis NOS (disorder)', 'Amebiasis (disorder)', 'Amoebiasis (disorder)', '[X]Amebiasis, unspecified (disorder)', 'Amebic infection (disorder)', 'Amoebic infection (disorder)', 'Disease due to Endamoebidae (disorder)']","[186122001, 154274000, 187278004, 111910009, 388759003]","['Amoebiasis NOS', 'Amoebiasis (disorder)', '[X]Amoebiasis, unspecified', 'Amoebiasis', 'Amoebiasis']",18727804,
C0002441,['A06.7'],"['238449000', '238449000', '54065007', '54065007', '240662006', '54065007', '238449000', '54065007', '240662006', '238449000', '54065007', '238449000', '240662006']",['Cutaneous amoebiasis'],"['Amebiasis of skin', 'Amoebiasis of skin', 'Cutaneous amebiasis', 'Cutaneous amoebiasis', 'Amebiasis affecting skin', 'Amebiasis affecting skin', 'Amebiasis affecting skin', 'Amoebiasis affecting skin', 'Amoebiasis affecting skin', 'Amoebiasis affecting skin', 'Cutaneous amebiasis (disorder)', 'Amebiasis of skin (disorder)', 'Amoebiasis affecting skin (disorder)']","[54065007, 238449000, 240662006, 240662006, 54065007]","['Cutaneous amoebiasis', 'Amoebiasis of skin', 'Amoebiasis affecting skin', 'Amoebiasis affecting skin', 'Amoebiasis affecting skin']",,
C0002447,['Q73.0'],"['62588002', '62588002', '62588002', '62588002', '205236007', '205238008', '62588002', '62588002', '205236007', '62588002', '205238008']",['Congenital absence of unspecified limb(s)'],"['Amelia', 'Amelia, NOS', 'Congenital absence of limb', 'Congenital absence of limb, NOS', 'Congenital absence of limb NOS', 'Amelia of unspecified limb', 'Congenital complete absence of limb (disorder)', 'Congenital complete absence of limb', 'Congenital absence of limb NOS (disorder)', 'Amelia (disorder)', 'Amelia of unspecified limb (disorder)']","[205236007, 205236007, 62588002, 62588002, 62588002]","['Congenital absence of limb NOS (disorder)', 'Congenital absence of limb NOS', 'Congenital absence of limb, NOS', 'Congenital absence of limb', 'Congenital complete absence of limb']",,
C0002453,['N91.2'],"['156034000', '14302001', '14302001', '14302001', '198414005', '156037007', '156034000', '14302001', '198414005', '156037007', '14302001', '14302001', '14302001', '198414005', '156034000', '156037007']","['Amenorrhoea, unspecified']","['Amenorrhea', 'Amenorrhea', 'Amenorrhea, NOS', 'Amenorrhoea, NOS', 'Amenorrhea NOS', 'Amenorrhea NOS', 'Amenorrhoea', 'Amenorrhoea', 'Amenorrhoea NOS', 'Amenorrhoea NOS', 'Absence of menstruation', 'Absence of menstruation, NOS', 'Amenorrhea (finding)', 'Amenorrhea NOS (finding)', 'Amenorrhoea (finding)', 'Amenorrhoea NOS (finding)']","[156037007, 156037007, 198414005, 14302001, 156034000]","['Amenorrhoea NOS', 'Amenorrhoea NOS', 'Amenorrhoea NOS', 'Amenorrhoea', 'Amenorrhoea']",,
C0002624,['R41.2'],"['51921000', '158178004', '206784007', '51921000', '206784007', '51921000', '158178004', '206784007']",['Retrograde amnesia'],"['Retrograde amnesia', '[D]Amnesia (retrograde)', '[D]Amnesia (retrograde)', 'RA - Retrograde amnesia', '[D]Amnesia (retrograde) (context-dependent category)', 'Retrograde amnesia (finding)', '[D]Amnesia (retrograde) (situation)', '[D]Amnesia (retrograde) (situation)']","[51921000, 51921000, 206784007, 158178004, 158178004]","['Retrograde amnesia', 'Retrograde amnesia (finding)', '[D]Amnesia (retrograde)', '[D]Amnesia (retrograde)', '[D]Amnesia (retrograde)']",,
C0002689,['Y83.5'],"['400053006', '239573003', '399998008', '399998008', '400053006', '239573003']",['Amputation of limb(s)'],"['Amputation of limb', 'Limb amputation', 'Amputation procedure performed on limb structure (procedure)', 'Amputation procedure performed on limb structure', 'Amputation of limb (procedure)', 'Limb amputation (procedure)']","[400053006, 400053006, 239573003, 239573003, 399998008]","['Amputation of limb', 'Amputation of limb (procedure)', 'Limb amputation', 'Limb amputation (procedure)', 'Amputation procedure performed on limb structure']",,
C0002726,"['E85', 'E85.9']","['154769007', '17602002', '17602002', '190931005', '154769007', '17602002', '190931005']","['Amyloidosis', 'Amyloidosis, unspecified']","['Amyloidosis', 'Amyloidosis', 'Amyloidosis, NOS', 'Amyloidosis NOS', 'Amyloidosis (disorder)', 'Amyloidosis (disorder)', 'Amyloidosis NOS (disorder)']","[17602002, 190931005, 17602002, 154769007, 190931005]","['Amyloidosis, NOS', 'Amyloidosis NOS', 'Amyloidosis (disorder)', 'Amyloidosis (disorder)', 'Amyloidosis NOS (disorder)']",170202,
C0002831,['B76.0'],"['85807000', '63479002', '85807000', '63479002', '63479002']",['Ancylostomiasis'],"['Ancylostomiasis', 'Ancylostomiasis', 'Ancylostomosis', 'Ancylostomosis', 'Ancylostomiasis (disorder)']","[63479002, 63479002, 85807000, 63479002, 63479002]","['Ancylostomiasis', 'Ancylostomiasis', 'Ancylostomiasis', 'Ancylostomiasis (disorder)', 'Ancylostomosis']",,
C0002871,['D64.9'],"['64593003', '154786001', '271737000', '64593003', '64593003', '64593003', '154786001', '271737000', '191277004', '267531008', '154812000', '154812000', '191277004', '267531008', '64593003', '64593003', '271737000', '154786001', '271737000', '271737000', '267531008', '154812000']","['Anaemia, unspecified']","['Anemia', 'Anemia', 'Anemia', 'Anaemia, NOS', 'Anemia, NOS', 'Anaemia', 'Anaemia', 'Anaemia', 'Anaemia unspecified', 'Anaemia unspecified', 'Anaemia unspecified', 'Anemia unspecified', 'Anemia unspecified', 'Anemia unspecified', 'Anemia (disorder) [Ambiguous]', 'Anemia (disorder)', 'Anemia (disorder)', 'Anaemia (disorder)', 'Anaemia (disorder)', 'Anemia [dup] (disorder)', 'Anemia unspecified (disorder)', 'Anaemia unspecified (disorder)']","[154812000, 154812000, 154812000, 267531008, 191277004]","['Anaemia unspecified (disorder)', 'Anaemia unspecified', 'Anaemia unspecified', 'Anaemia unspecified', 'Anaemia unspecified']",1412000,
C0002874,['D61.9'],"['154807001', '305047005', '191233006', '79000000', '267560004', '306058006', '79000000', '79000000', '191233006', '154807001', '305047005', '267560004', '306058006', '191258001', '191258001', '154807001', '267560004', '267560004', '154807001', '306058006', '306058006', '305047005', '79000000', '306058006', '79000000', '304132006', '79000000', '304132006', '306058006', '306058006', '191233006', '79000000', '305047005', '79000000', '306058006', '191258001', '191233006', '305047005', '304132006']","['Aplastic anaemia, unspecified']","['Aplastic anemia', 'Aplastic anemia', 'Aplastic anemia', 'Aplastic anemia', 'Aplastic anemia', 'Aplastic anemia', 'Aplastic anemia, NOS', 'Aplastic anaemia', 'Aplastic anaemia', 'Aplastic anaemia', 'Aplastic anaemia', 'Aplastic anaemia', 'Aplastic anaemia', 'Aplastic anaemia NOS', 'Aplastic anemia NOS', 'Anemia - aplastic', 'Anemia - aplastic', 'Anaemia - aplastic', 'Anaemia - aplastic', 'Aregenerative anemia', 'Aregenerative anaemia', 'Erythroid aplasia', 'Erythroid aplasia', 'Erythroid aplasia', 'Hematopoietic aplasia', 'Hematopoietic aplasia', 'Haematopoietic aplasia', 'Haematopoietic aplasia', 'Non regenerative anemia', 'Non regenerative anaemia', 'Aplastic anaemia [Ambiguous]', 'Aplastic anemia (disorder) [Ambiguous]', 'Aplastic anemia (disorder)', 'Aplastic anemia (disorder)', 'Aplastic anemia (disorder)', 'Aplastic anemia NOS (disorder)', 'Aplastic anaemia (disorder)', 'Aplastic anemia [dup] (disorder)', 'Hematopoietic aplasia (disorder)']","[191233006, 191258001, 191233006, 267560004, 305047005]","['Aplastic anaemia [Ambiguous]', 'Aplastic anaemia NOS', 'Aplastic anaemia (disorder)', 'Aplastic anaemia', 'Aplastic anaemia']",,
C0002876,['D64.4'],"['191272005', '52951008', '52951008', '191272005', '52951008', '52951008', '52951008', '191272005', '191272005', '52951008', '52951008', '52951008', '52951008', '52951008']",['Congenital dyserythropoietic anaemia'],"['Congenital dyserythropoietic anemia', 'Congenital dyserythropoietic anemia', 'Congenital dyserythropoietic anemia, NOS', 'Congenital dyserythropoietic anaemia', 'Congenital dyserythropoietic anaemia', 'CDA', 'CDA, NOS', 'Congenital dyshaematopoietic anaemia', 'Congenital dyshematopoietic anemia', 'CDA - congenital dyserythropoietic anemia', 'CDA - Congenital dyserythropoietic anaemia', 'CDA - Congenital dyserythropoietic anemia', 'CDA - congenital dyserythropoietic anaemia', 'Congenital dyserythropoietic anemia (disorder)']","[52951008, 191272005, 52951008, 191272005, 52951008]","['Congenital dyserythropoietic anaemia', 'Congenital dyserythropoietic anaemia', 'Congenital dyserythropoietic anemia', 'Congenital dyserythropoietic anemia', 'Congenital dyserythropoietic anemia (disorder)']",,
C0002878,['D55-D59.9'],"['61261009', '61261009', '61261009', '191231008', '191231008', '191416001', '191416001', '61261009', '191231008', '191416001']",['Haemolytic anaemias'],"['Hemolytic anemia', 'Hemolytic anemia, NOS', 'Haemolytic anaemia', 'Haemolytic anaemias NOS', 'Hemolytic anemias NOS', '[X]Haemolytic anaemias', '[X]Hemolytic anemias', 'Hemolytic anemia (disorder)', 'Hemolytic anemias NOS (disorder)', '[X]Hemolytic anemias (disorder)']","[191231008, 61261009, 191416001, 191231008, 61261009]","['Haemolytic anaemias NOS', 'Haemolytic anaemia', '[X]Haemolytic anaemias', 'Hemolytic anemias NOS', 'Hemolytic anemia, NOS']",19123108,
C0002879,"['D59', 'D59.9']","['154802007', '4854004', '4854004', '154802007', '4854004', '154806005', '191227002', '154806005', '191227002', '4854004', '191227002', '154802007', '154806005']","['Acquired haemolytic anaemia', 'Acquired haemolytic anaemia, unspecified']","['Acquired hemolytic anemia', 'Acquired hemolytic anemia', 'Acquired hemolytic anemia, NOS', 'Acquired haemolytic anaemia', 'Acquired haemolytic anaemia', 'Acquired haemolytic anaemia NOS', 'Acquired haemolytic anaemia NOS', 'Acquired hemolytic anemia NOS', 'Acquired hemolytic anemia NOS', 'Acquired hemolytic anemia (disorder)', 'Acquired hemolytic anemia NOS (disorder)', 'Acquired haemolytic anaemia (disorder)', 'Acquired haemolytic anaemia NOS (disorder)']","[191227002, 154806005, 154806005, 154806005, 154802007]","['Acquired haemolytic anaemia NOS', 'Acquired haemolytic anaemia NOS', 'Acquired haemolytic anaemia NOS', 'Acquired haemolytic anaemia NOS (disorder)', 'Acquired haemolytic anaemia (disorder)']",,
C0002881,['D58.9'],"['42601008', '42601008', '42601008', '154794008', '267556002', '267556002', '154794008', '38911009', '38911009', '154794008', '267556002', '38911009', '191208008', '191208008', '154794008', '267556002', '267556002', '154794008', '267556002', '154794008', '42601008', '38911009', '191208008', '154801000', '267558001', '267556002', '154794008', '154801000', '267558001', '267556002', '154794008']","['Hereditary haemolytic anaemia, unspecified']","['Congenital hemolytic anemia, NOS', 'Congenital hemolytic anemia', 'Congenital haemolytic anaemia', 'Hereditary hemolytic anemias', 'Hereditary hemolytic anemias', 'Hereditary hemolytic anemia', 'Hereditary hemolytic anemia', 'Hereditary hemolytic anemia', 'Hereditary hemolytic anemia, NOS', 'Hereditary haemolytic anaemia', 'Hereditary haemolytic anaemia', 'Hereditary haemolytic anaemia', 'Hereditary haemolytic anaemia NOS', 'Hereditary hemolytic anemia NOS', 'Hereditary haemolytic anaemias', 'Hereditary haemolytic anaemias', 'Hereditary haemol.anaem', 'Hereditary haemol.anaem', 'Hereditary hemol.anaem', 'Hereditary hemol.anaem', 'Congenital hemolytic anemia (disorder)', 'Hereditary hemolytic anemia (disorder)', 'Hereditary hemolytic anemia NOS (disorder)', 'Other hered. haem. anaemias', 'Other hered. haem. anaemias', 'Anaemia -heredit.haemol', 'Anaemia -heredit.haemol', 'Other hered. hem. anemias', 'Other hered. hem. anemias', 'Anemia -heredit.hemol', 'Anemia -heredit.hemol']","[191208008, 38911009, 267556002, 154794008, 154794008]","['Hereditary haemolytic anaemia NOS', 'Hereditary haemolytic anaemia', 'Hereditary haemolytic anaemia', 'Hereditary haemolytic anaemia', 'Hereditary haemolytic anaemias']",,
C0002894,['D46.2'],"['398623004', '128847002', '189511007', '16956001', '128847002', '398623004', '189511007', '16956001', '128847002', '128847002', '128847002', '128847002', '128847002', '109999001', '398623004', '109999001', '398623004', '189511007', '189511007', '128847002', '398623004', '398623004', '128847002', '128847002', '128847002', '16956001', '128847002', '398623004', '109999001', '398623004', '109999001', '398623004', '109999001', '189511007', '16956001', '16956001']",['Refractory anaemia with excess of blasts'],"['Refractory anaemia with excess blasts', 'Refractory anaemia with excess blasts', 'Refractory anaemia with excess of blasts', 'Refractory anaemia with excess of blasts', 'Refractory anemia with excess blasts', 'Refractory anemia with excess blasts', 'Refractory anemia with excess of blasts', 'Refractory anemia with excess of blasts', 'RAEB', '[M] Refractory anaemia with excess of blasts', '[M] Refractory anemia with excess of blasts', '[M]Refractory anaemia with excess of blasts', '[M]Refractory anemia with excess of blasts', 'RAEB - Refractory anemia with excess blasts', 'RAEB - Refractory anemia with excess blasts', 'RAEB - Refractory anaemia with excess blasts', 'RAEB - Refractory anaemia with excess blasts', 'RAEB - Refractory anaemia with excess of blasts', 'RAEB - Refractory anemia with excess of blasts', 'Myelodysplastic syndrome with excess blasts', 'Myelodysplastic syndrome with excess blasts', 'Myelodysplastic syndrome with excess blasts (disorder)', 'Myelodysplastic syndrome with excess blasts (morphologic abnormality)', 'Myelodysplastic syndrome with increased blasts', 'Myelodysplastic syndrome with increased blasts (morphologic abnormality)', 'Refractory anemia with excess of blasts (morphologic abnormality)', 'Refractory anemia with excess blasts (morphologic abnormality)', 'Refractory anemia with excess blasts (clinical)', 'Refractory anemia with excess blasts (clinical)', 'Refractory anaemia with excess blasts (clinical)', 'Refractory anaemia with excess blasts (clinical)', 'Refractory anemia with excess blasts (disorder)', 'Refractory anemia with excess blasts (disorder)', 'Refractory anemia with excess of blasts (disorder)', 'Refractory anemia with excess of blasts -RETIRED-', 'Refractory anaemia with excess of blasts -RETIRED-']","[16956001, 189511007, 16956001, 189511007, 128847002]","['Refractory anaemia with excess of blasts', 'Refractory anaemia with excess of blasts', 'Refractory anemia with excess of blasts', 'Refractory anemia with excess of blasts', 'Refractory anaemia with excess blasts']",1695601,
C0002895,['D57'],"['154798006', '191194009', '80046004', '127040003', '191194009', '154798006', '127040003', '191199004', '191199004', '80046004', '127040003', '80046004', '127040003', '127040003', '80046004', '417357006', '191195005', '191195005', '276267006', '127040003', '417357006', '80046004', '127040003', '127040003', '127040003', '127040003', '127040003', '191199004', '154798006', '191194009', '191195005', '127040003', '127040003', '127040003', '417357006', '417357006', '417357006', '127040003', '127040003', '127040003', '127040003', '276267006', '80046004']",['Sickle-cell disorders'],"['Sickle cell anemia', 'Sickle cell anemia', 'Sickle cell anemia', 'Sickle cell anemia', 'Sickle cell anaemia', 'Sickle cell anaemia', 'Sickle cell anaemia', 'Sickle cell anaemia NOS', 'Sickle cell anemia NOS', 'Hemoglobin S disease', 'Hemoglobin S disease', 'Haemoglobin S disease', 'Haemoglobin S disease', 'Sickle cell disease', 'Sickle cell disease', 'Sickle cell disease', 'Sickle cell anaemia of unspecified type', 'Sickle cell anemia of unspecified type', 'Sickle cell syndrome', 'Sickle cell syndrome', 'Sickle cell syndrome', 'Hemoglobin S-S disease', 'Hemoglobin S-S disease', 'Haemoglobin S-S disease', 'Hb S disease', 'Hb SS disease', 'Sickle cell-hemoglobin SS disease (disorder)', 'Sickle cell anemia NOS (disorder)', 'Sickle cell anaemia (disorder)', 'Sickle cell anaemia (disorder)', 'Sickle cell anemia of unspecified type (disorder)', 'Hereditary hemoglobinopathy disorder homozygous for hemoglobin S (disorder)', 'Drepanocythaemia', 'Drepanocythemia', 'Sickling disorder due to hemoglobin S (disorder)', 'Sickling disorder due to haemoglobin S', 'Sickling disorder due to hemoglobin S', 'Hereditary hemoglobinopathy disorder homozygous for hemoglobin S', 'Hereditary haemoglobinopathy disorder homozygous for haemoglobin S', 'Sickle cell-hemoglobin SS disease', 'Sickle cell-haemoglobin SS disease', 'Sickle cell syndrome (disorder)', 'Hemoglobin S disease (disorder)']","[417357006, 80046004, 127040003, 127040003, 276267006]","['Sickle cell disease', 'Sickle cell disease', 'Sickle cell disease', 'Sickle cell syndrome', 'Sickle cell syndrome']",41735706,
C0002902,['Q00.0'],"['156885009', '89369001', '89369001', '203926007', '89369001', '89369001', '609417004', '609417004', '609417004', '268306009', '156887001', '89369001', '203926007', '156885009']",['Anencephaly'],"['Anencephaly', 'Anencephaly', 'Anencephalus', 'Anencephalus NOS', 'Anencephalic monster', 'Congenital absence of brain', 'Fetal anencephaly', 'Foetal anencephaly', 'Fetal anencephaly (disorder)', 'Anencephalus et al NOS', 'Anencephalus et al NOS', 'Anencephalus (disorder)', 'Anencephalus NOS (disorder)', 'Anencephaly (disorder)']","[156885009, 89369001, 156885009, 156885009, 203926007]","['Anencephaly', 'Anencephaly', 'Anencephaly', 'Anencephaly (disorder)', 'Anencephalus NOS (disorder)']",,
C0002940,['I72.9'],"['432119003', '85659009', '155425005', '195292009', '155428007', '85659009', '85659009', '85659009', '134342004', '85659009', '432119003', '195292009', '155425005', '155428007', '134342004', '362727005', '362727005']",['Aneurysm of unspecified site'],"['Aneurysm', 'Aneurysm', 'Aneurysm NOS', 'Aneurysm NOS', 'Aneurysm NOS', 'Aneurysm, NOS', 'Aneurysmal dilatation', 'Aneurysmal dilatation, NOS', 'Aneurysm - lesion', 'Aneurysm (morphologic abnormality)', 'Aneurysm (disorder)', 'Aneurysm NOS (disorder)', 'Aneurysm NOS (disorder)', 'Aneurysm NOS (disorder)', 'Aneurysm - lesion (qualifier value)', 'Unspecified aneurysm', 'Unspecified aneurysm (disorder)']","[362727005, 362727005, 362727005, 155428007, 155425005]","['Unspecified aneurysm', 'Unspecified aneurysm', 'Unspecified aneurysm (disorder)', 'Aneurysm NOS (disorder)', 'Aneurysm NOS (disorder)']",,
C0002945,['I72.8'],"['195617005', '195617005']",['Aneurysm of other specified arteries'],"['[X]Aneurysm of other specified arteries', '[X]Aneurysm of other specified arteries (disorder)']","[195617005, 195617005, 195287007, 195287007, 195291002]","['[X]Aneurysm of other specified arteries', '[X]Aneurysm of other specified arteries (disorder)', 'Aneurysm of other artery', 'Aneurysm of other artery (disorder)', 'Other aneurysm NOS']",19561705,
C0002962,"['I20', 'I20.9']","['367416001', '17828002', '194828000', '17828002', '367416001', '194839002', '194830003', '155307004', '17828002', '194828000', '17828002', '367416001', '194832006', '194828000', '17828002', '17828002', '194828000', '17828002', '194828000', '194828000', '194828000', '194828000', '194835008', '225566008', '194835008', '225566008', '17828002', '155307004', '194828000', '194830003', '194839002', '367416001', '17828002', '225566008', '194832006', '194835008']","['Angina pectoris', 'Angina pectoris, unspecified']","['Angina pectoris', 'Angina pectoris', 'Angina pectoris', 'Angina pectoris, NOS', 'Angina pectoris, NOS', 'Angina pectoris NOS', 'Angina pectoris NOS', 'Angina', 'Angina', 'Angina', 'Angina, NOS', 'Angina, NOS', 'Stenocardia', 'Stenocardia', 'Stenocardia', 'Anginal syndrome', 'Anginal syndrome', 'Cardiac angina', 'Cardiac angina', 'Ischemic heart disease - angina', 'Ischaemic heart disease - angina', 'AP - Angina pectoris', 'Ischemic chest pain', 'Ischemic chest pain', 'Ischaemic chest pain', 'Ischaemic chest pain', 'Angina pectoris (disorder) [Ambiguous]', 'Angina (disorder)', 'Angina (disorder)', 'Angina pectoris NOS (disorder)', 'Angina pectoris NOS (disorder)', 'Angina pectoris (disorder)', 'Angina pectoris (disorder)', 'Ischemic chest pain (finding)', 'Stenocardia (disorder)', 'Ischaemic chest pain (disorder)']","[194830003, 194839002, 194839002, 367416001, 17828002]","['Angina pectoris NOS', 'Angina pectoris NOS', 'Angina pectoris NOS', 'Angina pectoris, NOS', 'Angina pectoris, NOS']",,
C0002965,['I20.0'],"['155308009', '194814006', '233820004', '194816008', '4557003', '4557003', '194814006', '4557003', '194814006', '233818002', '194817004', '155313008', '194814006', '4557003', '25106000', '194819001', '155314002', '4557003', '64333001', '194814006', '64333001', '25106000', '155314002', '194819001', '194814006', '233820004', '155308009', '194816008', '194817004', '155313008', '233818002']",['Unstable angina'],"['Unstable angina', 'Unstable angina', 'Unstable angina', 'Unstable angina', 'Unstable angina', 'Intermediate coronary syndrome', 'Crescendo angina', 'Crescendo angina', 'Angina at rest', 'Angina at rest', 'Angina at rest', 'Angina at rest', 'Impending infarction', 'Impending infarction', 'Impending infarction', 'Worsening angina', 'Worsening angina', 'Worsening angina', 'Preinfarction angina', '(Angina: [crescendo] or [unstable] or [at rest]) or (preinfarction syndrome) or (impending infarction)', 'Preinfarction angina (disorder)', 'Impending infarction (disorder)', 'Worsening angina (disorder)', 'Worsening angina (disorder)', '(Angina: [crescendo] or [unstable] or [at rest]) or (preinfarction syndrome) or (impending infarction) (disorder)', 'Unstable angina (disorder)', 'Unstable angina (disorder)', 'Unstable angina (disorder)', 'Angina at rest (disorder)', 'Angina at rest (disorder)', 'Angina at rest (disorder)']","[155308009, 194816008, 233820004, 194814006, 155308009]","['Unstable angina', 'Unstable angina', 'Unstable angina', 'Unstable angina', 'Unstable angina']",,
C0002994,['T78.3'],"['41291007', '846575004', '41291007', '269433002', '157756002', '41291007', '41291007', '157756002', '269433002', '41291007', '82966003', '41291007', '41291007', '41291007', '400075008', '41291007', '41291007', '41291007', '846575004', '41291007', '400075008', '41291007', '846575004', '41291007', '41291007']",['Angioneurotic oedema'],"['Angioedema', 'Angioedema', 'Angioedema, NOS', 'Angioneurotic edema', 'Angioneurotic edema', 'Angioneurotic edema', 'Angioneurotic edema, NOS', 'Angioneurotic oedema', 'Angioneurotic oedema', 'Angioneurotic oedema', ""Quincke's edema"", ""Quincke's edema"", ""Quincke's oedema"", 'Giant urticaria', 'Giant urticaria', ""Quincke's disease"", 'Angioedema-urticaria', 'Urticaria-angioedema', 'Angioedema (morphologic abnormality)', 'Angioedema (disorder)', 'Giant urticaria (disorder)', 'Angio-oedema', 'Angio-oedema', 'Angio-oedema-urticaria', 'Urticaria-angio-oedema']","[41291007, 269433002, 157756002, 41291007, 157756002]","['Angioneurotic oedema', 'Angioneurotic oedema', 'Angioneurotic oedema', 'Angioneurotic edema', 'Angioneurotic edema']",4129107,
C0003028,['L74.4'],"['201189007', '156414006', '39659002', '14662005', '14662005', '14662005', '156414006', '39659002']",['Anhidrosis'],"['Anhidrosis', 'Anhidrosis', 'Anhidrosis', 'Absent sweating', 'Absence of sweating', 'Absence of sweating (finding)', 'Anhidrosis (disorder)', 'Anhidrosis (disorder)']","[156414006, 39659002, 156414006, 201189007, 156414006]","['Anhidrosis', 'Anhidrosis', 'Anhidrosis', 'Anhidrosis', 'Anhidrosis (disorder)']",,
C0003076,['Q13.1'],"['69278003', '69278003', '69278003', '69278003', '69278003', '204161008', '69278003', '69278003', '204161008', '69278003', '69278003']",['Absence of iris'],"['Aniridia', 'Irideremia', 'Irideraemia', 'Congenital absence of iris', 'Agenesis of iris', 'Aplasia of iris', 'Aplasia of iris', 'Aniridia (disorder)', 'Aplasia of iris (disorder)', 'Congenital aniridia', 'Congenital aniridia (disorder)']","[308726003, 308726003, 308726003, 308726003, 69278003]","['Absence of iris - finding', 'Finding of absence of iris', 'Absence of iris - observation', 'Finding of absence of iris (finding)', 'Congenital absence of iris']",3072603,
C0003090,['M24.6'],"['36504009', '36504009', '156559001', '111227009', '202323002', '156569007', '36504009', '202297005', '36504009', '36504009', '36504009', '156559001', '111227009', '202323002', '156569007', '202297005']",['Ankylosis of joint'],"['Ankylosis', 'Ankylosis, NOS', 'Ankylosis of joint', 'Ankylosis of joint', 'Ankylosis of joint NOS', 'Ankylosis of joint NOS', 'Frozen joint', 'Joint ankylosis of unspecified site', 'Fusion of joint', 'Fusion of joint, NOS', 'Ankylosis (morphologic abnormality)', 'Ankylosis of joint (disorder)', 'Ankylosis of joint (disorder)', 'Ankylosis of joint NOS (disorder)', 'Ankylosis of joint NOS (disorder)', 'Joint ankylosis of unspecified site (disorder)']","[111227009, 156559001, 156559001, 111227009, 156559001]","['Ankylosis of joint', 'Ankylosis of joint', 'Ankylosis of joint', 'Ankylosis of joint (disorder)', 'Ankylosis of joint (disorder)']",,
C0003107,['L29.3'],"['10676911000119100', '10676911000119100', '10676911000119100']","['Anogenital pruritus, unspecified']","['Pruritis of skin of anogenital region', 'Anogenital pruritus', 'Pruritis of skin of anogenital region (disorder)']","[10676911000119100, 10676911000119100, 10676911000119100, 86343006, 156382000]","['Anogenital pruritus', 'Pruritis of skin of anogenital region', 'Pruritis of skin of anogenital region (disorder)', 'Genital pruritus', 'Genital pruritus']",106769100019100,
C0003123,['R63.0'],"['158268008', '206915006', '206917003', '158272007', '206917003', '206915006', '158268008', '206915006', '158272007', '206917003']",['Anorexia'],"['[D]Anorexia', '[D]Anorexia', '[D]Anorexia NOS', '[D]Anorexia NOS', '[D]Anorexia NOS (context-dependent category)', '[D]Anorexia (context-dependent category)', '[D]Anorexia (situation)', '[D]Anorexia (situation)', '[D]Anorexia NOS (situation)', '[D]Anorexia NOS (situation)']","[79890006, 249468005, 139082003, 161826006, 249468005]","['Anorexia', 'Anorexia symptom', 'Anorexia symptom', 'Anorexia symptom', 'Anorexia symptom (finding)']",,
C0003125,['F50.0'],"['192445002', '154926005', '56882008', '56882008', '192445002', '154926005', '56882008']",['Anorexia nervosa'],"['Anorexia nervosa', 'Anorexia nervosa', 'Anorexia nervosa', 'AN - Anorexia nervosa', 'Anorexia nervosa (disorder)', 'Anorexia nervosa (disorder)', 'Anorexia nervosa (disorder)']","[56882008, 192445002, 154926005, 154926005, 192445002]","['Anorexia nervosa', 'Anorexia nervosa', 'Anorexia nervosa', 'Anorexia nervosa', 'Anorexia nervosa']",,
C0003126,['R43.0'],"['44169009', '44169009', '44169009', '44169009', '139523002', '230501005', '44169009', '44169009', '158191003', '206813000', '44169009', '44169009', '206813000', '44169009', '162254006', '230501005', '139523002', '44169009', '206813000', '158191003']",['Anosmia'],"['Anosmia', 'Sense of smell absent', 'Absent sense of smell', 'Absent smell', 'Loss of sense of smell', 'Loss of sense of smell', 'Loss of sense of smell', 'Loss of the sense of smell', '[D]Anosmia', '[D]Anosmia', 'Sense of smell lost', 'No sense of smell', '[D]Anosmia (context-dependent category)', 'Anosmia (loss of sense of smell)', 'Anosmia - loss of smell sense', 'Loss of sense of smell (finding)', 'Loss of sense of smell (finding)', 'Loss of sense of smell (finding)', '[D]Anosmia (situation)', '[D]Anosmia (situation)']","[44169009, 206813000, 158191003, 158191003, 206813000]","['Anosmia', '[D]Anosmia', '[D]Anosmia', '[D]Anosmia', '[D]Anosmia (situation)']",416909,
C0003165,['J60'],"['29422001', '29422001', '155588007', '29422001', '29422001', '29422001', '29422001', '29422001', '29422001', '29422001', '29422001', '29422001', '29422001', '29422001', '29422001', '29422001', '29422001', '155588007', '29422001', '29422001']","[""Coalworker's pneumoconiosis""]","['Anthracosis', ""Miners' asthma"", ""Coal workers' pneumoconiosis"", ""Coal workers' pneumoconiosis"", ""Colliers' anthracosis"", 'Black lung disease', ""Coal miners' lung"", ""Coal worker's lung"", ""Coal workers' lung"", ""Coal miners' pneumoconiosis"", 'Coal pneumoconiosis', ""Colliers' lung"", 'Lung melanosis', ""Miners' lung"", 'Melanedema', 'Pneumomelanosis', 'CWP - Coalworkers pneumoconiosis', ""Coal workers' pneumoconiosis (disorder)"", ""Coal workers' pneumoconiosis (disorder)"", 'Melanoedema']","[29422001, 29422001, 155588007, 155588007, 155588007]","['CWP - Coalworkers pneumoconiosis', ""Coal workers' pneumoconiosis"", ""Coal workers' pneumoconiosis"", ""Coal workers' pneumoconiosis"", ""Coal workers' pneumoconiosis (disorder)""]",,
C0003175,"['A22', 'A22.9']","['154295005', '17540007', '409498004', '17540007', '186304006', '17540007', '409498004', '17540007', '409498004', '17540007', '409498004', '17540007', '409498004', '187302001', '154295005', '17540007', '409498004', '186304006', '187302001']","['Anthrax', 'Anthrax, unspecified']","['Anthrax', 'Anthrax', 'Anthrax', 'Anthrax, NOS', 'Anthrax NOS', 'Charbon', 'Charbon', 'Splenic fever', 'Splenic fever', 'Milzbrand', 'Milzbrand', 'Infection due to Bacillus anthracis', 'Infection due to Bacillus anthracis', '[X]Anthrax, unspecified', 'Anthrax (disorder)', 'Anthrax (disorder)', 'Anthrax (disorder)', 'Anthrax NOS (disorder)', '[X]Anthrax, unspecified (disorder)']","[187302001, 186304006, 187302001, 186304006, 17540007]","['[X]Anthrax, unspecified', 'Anthrax NOS', '[X]Anthrax, unspecified (disorder)', 'Anthrax NOS (disorder)', 'Anthrax, NOS']",1754007,
C0003177,['A22.0'],"['84980006', '84980006', '84980006']",['Cutaneous anthrax'],"['Cutaneous anthrax', 'Malignant pustule', 'Cutaneous anthrax (disorder)']","[84980006, 84980006, 409498004, 17540007, 154295005]","['Cutaneous anthrax', 'Cutaneous anthrax (disorder)', 'Anthrax (disorder)', 'Anthrax (disorder)', 'Anthrax (disorder)']",,
C0003431,['F60.2'],"['191769004', '26665006', '191777000', '268759009', '192487000', '26665006', '26665006', '26665006', '26665006', '191769004', '268759009', '192487000']",['Dissocial personality disorder'],"['Antisocial personality disorder', 'Antisocial personality disorder', 'Psychopathic personality', 'Psychopathic personality', 'Dissocial personality disorder', 'Dissocial personality disorder', 'Psychopathic personality disorder', 'Sociopathic personality disorder', 'Antisocial personality disorder (disorder)', 'Antisocial or sociopathic personality disorder', 'Psychopath.personality', 'Dissocial personality disorder (disorder)']","[26665006, 192487000, 192487000, 192487000, 154883004]","['Dissocial personality disorder', 'Dissocial personality disorder', 'Dissocial personality disorder', 'Dissocial personality disorder (disorder)', 'Dissociative disorder (disorder)']",26506,
C0003469,['F41.9'],"['65673007', '191703000', '65673007', '197480006', '192405006', '65673007', '191703000', '191703000', '65673007', '197480006', '192405006']","['Anxiety disorder, unspecified']","['Anxiety disorder, NOS', 'Anxiety disorder', 'Anxiety disorder', 'Anxiety disorder', '[X]Anxiety disorder, unspecified', 'Anxiety disorder [Ambiguous]', 'Anxiety disorder [Ambiguous]', 'Anxiety disorder (disorder)', 'Anxiety disorder (disorder)', 'Anxiety disorder (disorder)', '[X]Anxiety disorder, unspecified (disorder)']","[192405006, 191703000, 65673007, 65673007, 192405006]","['[X]Anxiety disorder, unspecified', 'Anxiety disorder [Ambiguous]', 'Anxiety disorder [Ambiguous]', 'Anxiety disorder, NOS', '[X]Anxiety disorder, unspecified (disorder)']",19240506,
C0003492,['Q25.1'],"['156929001', '7305005', '7305005', '204419005', '7305005', '7305005', '204419005', '156929001']",['Coarctation of aorta'],"['Aortic coarctation', 'Aortic coarctation', 'Coarctation of aorta', 'Coarctation of aorta NOS', 'Coarctation', 'Coarctation of aorta (disorder)', 'Coarctation of aorta NOS (disorder)', 'Aortic coarctation (disorder)']","[7305005, 7305005, 204419005, 204419005, 156929001]","['Coarctation of aorta', 'Coarctation of aorta (disorder)', 'Coarctation of aorta NOS', 'Coarctation of aorta NOS (disorder)', 'Aortic coarctation']",,
C0003504,['I35.1'],"['60234000', '60234000', '60234000', '60234000', '60234000', '60234000', '60234000', '60234000', '60234000', '60234000', '60234000', '60234000', '60234000']",['Aortic (valve) insufficiency'],"['Aortic valve insufficiency', 'Aortic valve insufficiency, NOS', 'Aortic incompetence', 'Aortic insufficiency', 'Aortic valve incompetence, NOS', 'Aortic valve incompetence', 'Aortic valve regurgitation, NOS', 'Aortic valve regurgitation', 'Aortic regurgitation', 'Aortic regurgitation, NOS', 'AI - Aortic incompetence', 'AR - Aortic regurgitation', 'Aortic valve regurgitation (disorder)']","[60234000, 60234000, 60234000, 60234000, 60234000]","['Aortic valve insufficiency', 'Aortic valve insufficiency, NOS', 'Aortic insufficiency', 'Aortic valve incompetence, NOS', 'Aortic valve incompetence']",,
C0003507,['I35.0'],"['60573004', '60573004', '60573004', '390722003', '60573004', '60573004', '60573004', '390722003']",['Aortic (valve) stenosis'],"['Aortic valve stenosis', 'Aortic valve stenosis, NOS', 'Stenosed aortic valve', 'Aortic stenosis', 'Aortic stenosis', 'AS - Aortic stenosis', 'Aortic valve stenosis (disorder)', 'Aortic stenosis (disorder)']","[60573004, 60573004, 60573004, 390722003, 60573004]","['Aortic valve stenosis, NOS', 'Aortic valve stenosis (disorder)', 'Aortic valve stenosis', 'Aortic stenosis', 'Aortic stenosis']",6057304,
C0003516,['Q21.4'],"['17024001', '17024001', '204293005', '17024001', '204291007', '253616005', '204293005', '17024001', '17024001', '17024001', '17024001', '204293005', '253619003', '17024001', '17024001', '270509003', '204293005', '17024001', '253616005', '270509003', '253619003', '17024001', '204293005']",['Aortopulmonary septal defect'],"['Aortopulmonary septal defect', 'Aorticopulmonary window', 'Aorticopulmonary septal defect', 'Aorticopulmonary septal defect', 'Aortic septal defect', 'Aortic septal defect', 'Aortic septal defect', 'Aortic septal defect', 'Common aortopulmonary trunk', 'AP - Aortopulmonary window', 'APW - Aortopulmonary window', 'Aortopulmonary window', 'Aortopulmonary window', 'Aortopulmonary window', 'Aortopulmonary septal anomaly', 'Aortopulmonary septal anomaly', '(Aortic septal defect) or (aortopulmonary window)', 'Aortic septal defect (disorder)', 'Aortic septal defect (disorder)', 'Aortopulmonary septal anomaly (disorder)', 'Aortopulmonary window (disorder)', 'Aortopulmonary window (disorder)', '(Aortic septal defect) or (aortopulmonary window) (disorder)']","[17024001, 17024001, 204293005, 270509003, 17024001]","['Aortopulmonary septal defect', 'Aorticopulmonary septal defect', 'Aorticopulmonary septal defect', 'Aortopulmonary septal anomaly', 'Aortopulmonary septal anomaly']",,
C0003534,['H27.0'],"['24010005', '24010005', '24010005']",['Aphakia'],"['Aphakia', 'Absence of lens', 'Aphakia (disorder)']","[24010005, 24010005, 35387008, 35387008, 194158009]","['Aphakia', 'Aphakia (disorder)', 'Congenital aphakia', 'Congenital aphakia (disorder)', 'Lens disorders (& [aphakia and others]) (disorder)']",,
C0003564,['R49.1'],"['44564008', '441913003', '299702006', '44564008', '44564008', '206970009', '158307003', '158308008', '206971008', '44564008', '286329004', '286359009', '44564008', '44564008', '44564008', '206970009', '206971008', '299702006', '44564008', '206970009', '158307003', '206971008', '158308008', '286359009', '286329004', '441913003']",['Aphonia'],"['Aphonia', 'Aphonia', 'Loss of voice', 'Loss of voice', 'Absence of voice', '[D]Aphonia', '[D]Aphonia', '[D]Loss of voice', '[D]Loss of voice', 'Does not phonate', 'Does not produce voice', 'Does not produce voice', 'Does not produce voice', 'Does not vocalize', 'Does not vocalise', '[D]Aphonia (context-dependent category)', '[D]Loss of voice (context-dependent category)', 'Loss of voice (finding)', 'Loss of voice (finding)', '[D]Aphonia (situation)', '[D]Aphonia (situation)', '[D]Loss of voice (situation)', '[D]Loss of voice (situation)', 'Does not produce voice (finding)', 'Does not produce voice (finding)', 'Aphonia (disorder)']","[441913003, 44564008, 441913003, 158307003, 158307003]","['Aphonia', 'Aphonia', 'Aphonia (disorder)', '[D]Aphonia', '[D]Aphonia']",4191303,
C0003615,['K37'],"['155729003', '155728006', '74400008', '74400008', '155733005', '307530000', '155736002', '196785005', '155729003', '155728006', '74400008', '307530000', '155736002', '155733005', '196785005']",['Unspecified appendicitis'],"['Appendicitis', 'Appendicitis', 'Appendicitis', 'Appendicitis, NOS', 'Appendicitis NOS', 'Appendicitis NOS', 'Appendicitis NOS', 'Appendicitis, unqualified', 'Appendicitis (disorder)', 'Appendicitis (disorder)', 'Appendicitis (disorder)', 'Appendicitis NOS (disorder)', 'Appendicitis NOS (disorder)', 'Appendicitis NOS (disorder)', 'Appendicitis, unqualified (disorder)']","[155736002, 155733005, 155736002, 307530000, 155733005]","['Appendicitis NOS', 'Appendicitis NOS', 'Appendicitis NOS', 'Appendicitis NOS', 'Appendicitis NOS']",1573602,
C0003635,['R48.2'],"['271724003', '250058008', '68345001', '68345001', '6950007', '158322008', '206991001', '192146008', '271724003', '206991001', '250058008', '68345001', '6950007', '158322008', '206991001', '271724003']",['Apraxia'],"['Apraxia', 'Apraxia', 'Apraxia', 'Apraxia, NOS', 'Dyspraxia', '[D]Apraxia', '[D]Apraxia', 'Dyspraxia syndrome', 'Apraxia [Ambiguous]', '[D]Apraxia (context-dependent category)', 'Apraxia (finding)', 'Apraxia (finding)', 'Dyspraxia (finding)', '[D]Apraxia (situation)', '[D]Apraxia (situation)', 'Apraxia (disorder)']","[250058008, 68345001, 250058008, 271724003, 271724003]","['Apraxia', 'Apraxia', 'Apraxia', 'Apraxia', 'Apraxia [Ambiguous]']",2505808,
C0003705,"['T63.3', 'T63.3']","['65380003', '65380003', '217669006', '217665000', '157929007', '217665000', '367357009', '212881003', '330853007', '65380003', '217665000', '217665000', '217665000', '217665000', '212881003', '65380003', '367357009', '330853007', '217665000', '217669006', '217669006', '217665000', '157929007', '212881003']","['Venom of spider', 'Toxic effect of venom of spider']","['Poisoning by venomous spider bite, NOS', 'Poisoning by venomous spider bite', 'Poisoning due to venomous spider NOS', 'Poisoning due to venomous spiders', 'Poisoning due to venomous spiders', 'Poisoning due to venomous spider', 'Spider venom causing toxic effect', 'Spider venom causing toxic effect', 'Spider envenomation', 'Spider envenomation', 'Poisoning caused by venomous spider (disorder)', 'Poisoning caused by venomous spider', 'Poisoning due to bite of venomous spider', 'Poisoning due to bite of venomous spider (disorder)', 'Spider venom causing toxic effect [Ambiguous]', 'Poisoning by venomous spider bite (disorder)', 'Spider venom causing toxic effect (disorder)', 'Spider envenomation (disorder)', 'Poisoning due to venomous spiders (finding)', 'Poisoning due to venomous spider NOS (finding)', 'Poisoning due to venomous spider NOS (disorder)', 'Poisoning due to venomous spider (disorder)', 'Poisoning due to venomous spiders (disorder)', 'Spider venom causing toxic effect (event)']","[212881003, 367357009, 212881003, 367357009, 212881003]","['Spider venom causing toxic effect', 'Spider venom causing toxic effect', 'Spider venom causing toxic effect [Ambiguous]', 'Spider venom causing toxic effect (disorder)', 'Spider venom causing toxic effect (event)']",,
C0003803,['Q07.0'],"['27905003', '27905003', '156889003', '268307000', '373587001', '253184003', '156889003', '268307000', '203938003', '203931009', '27905003', '253184003', '204405005', '27905003', '253184003']",['Arnold-Chiari syndrome'],"['Arnold-Chiari malformation', 'Arnold-Chiari syndrome', 'Arnold-Chiari syndrome', 'Arnold-Chiari syndrome', 'Arnold-Chiari syndrome', 'Arnold-Chiari syndrome', 'Arnold - Chiari syndrome', 'Arnold - Chiari syndrome', 'Arnold - Chiari syndrome', 'Arnold - Chiari syndrome', 'ACM - Arnold-Chiari malformation', 'Chiari malformation', ""Chiari's malformation"", 'Arnold-Chiari syndrome (disorder)', 'Chiari malformation (disorder)']","[253184003, 373587001, 268307000, 156889003, 27905003]","['Arnold-Chiari syndrome', 'Arnold-Chiari syndrome', 'Arnold-Chiari syndrome', 'Arnold-Chiari syndrome', 'Arnold-Chiari syndrome']",2531403,
C0003811,['I49.9'],"['53488008', '53488008', '44808001', '53488008', '44808001', '698247007', '53488008', '251151005', '698247007', '44808001', '53488008', '53488008', '44808001', '698247007', '53488008', '44808001', '53488008', '195107004', '155369004', '266307005', '155373001', '53488008', '44808001', '698247007', '698247007', '155369004', '195107004', '53488008', '251151005']","['Cardiac arrhythmia, unspecified']","['Cardiac arrhythmia, NOS', 'Cardiac arrhythmias', 'Cardiac arrhythmias', 'Cardiac arrhythmia', 'Cardiac arrhythmia', 'Cardiac arrhythmia', 'Arrhythmia', 'Arrhythmia', 'Arrhythmia', 'Arrhythmia', 'Arrhythmia, NOS', 'Cardiac dysrhythmia', 'Cardiac dysrhythmia', 'Cardiac dysrhythmia', 'Cardiac dysrhythmias', 'Cardiac dysrhythmias', 'Cardiac dysrhythmia, NOS', 'Cardiac dysrhythmia NOS', 'Cardiac dysrhythmia NOS', 'Cardiac dysrhythmias NOS', 'Cardiac dysrhythmias NOS', 'Disorder of heart rhythm', 'Disorder of heart rhythm', 'Disorder of heart rhythm', 'Cardiac arrhythmia (disorder)', 'Cardiac dysrhythmia NOS (disorder)', 'Cardiac dysrhythmia NOS (disorder)', 'Cardiac dysrhythmia (disorder)', 'Arrhythmia (finding)']","[698247007, 53488008, 698247007, 44808001, 53488008]","['Cardiac arrhythmia (disorder)', 'Cardiac arrhythmia, NOS', 'Cardiac arrhythmia', 'Cardiac arrhythmia', 'Cardiac arrhythmia']",,
C0003860,['I77.6'],"['52089001', '52089001', '266325003', '195368003', '266265002', '52089001', '52089001', '266265002', '266325003']","['Arteritis, unspecified']","['Arteritis', 'Arteritis, NOS', 'Arteritis NOS', 'Arteritis unspecified', 'Arteritis unspecified', 'Inflammation of artery', 'Arteritis (disorder)', 'Arteritis unspecified (disorder)', 'Artery/capillary disease NOS']","[266265002, 266265002, 195368003, 266325003, 52089001]","['Arteritis unspecified (disorder)', 'Arteritis unspecified', 'Arteritis unspecified', 'Arteritis NOS', 'Arteritis (disorder)']",2626502,
C0003862,['M25.5'],"['156592007', '268065004', '57676002', '156602008', '202499005', '156592007', '268065004', '268065004', '156592007', '57676002', '57676002', '202467004', '57676002', '57676002', '202467004', '202499005', '156602008', '202467004', '57676002', '57676002', '202467004']",['Pain in joint'],"['Arthralgia', 'Arthralgia', 'Arthralgia', 'Arthralgia NOS', 'Arthralgia NOS', 'Pain in joint', 'Pain in joint', 'Joint pain', 'Joint pain', 'Joint pain', 'Pain of joint', 'Ache in joint', 'Painful joint', 'Articular pain', 'Joint: [pain - arthralgia] or [ache]', 'Arthralgia NOS (finding)', 'Arthralgia NOS (finding)', 'Pain in joint - arthralgia', 'Pain of joint (finding)', 'Joint pain (finding)', 'Joint: [pain - arthralgia] or [ache] (disorder)']","[268065004, 156592007, 57676002, 57676002, 57676002]","['Pain in joint', 'Pain in joint', 'Pain of joint', 'Pain of joint (finding)', 'Joint pain']",,
C0003864,['M13.9'],"['372091005', '202059001', '3723001', '3723001', '3723001', '3723001', '3723001', '372091005', '363178003', '363178003']","['Arthritis, unspecified']","['Arthritis', 'Arthritis', 'Arthritis', 'Arthritis, NOS', 'Joint inflammation', 'Inflammatory arthritis', 'Arthritis (disorder)', 'Arthritis (finding)', 'Inflammatory disorder of joint (disorder)', 'Inflammatory disorder of joint']","[3723001, 3723001, 372091005, 3723001, 202059001]","['Arthritis, NOS', 'Arthritis (disorder)', 'Arthritis (finding)', 'Arthritis', 'Arthritis']",,
C0003869,"['M00', 'M00.9']","['372939007', '372938004', '396234004', '55388007', '372939007', '55388007', '201471003', '156470005', '48548006', '196415003', '201455003', '83486002', '396234004', '371412008', '48548006', '83486002', '239776008', '396234004', '83486002', '201623005', '201591007', '55388007', '372939007', '55388007', '196415003', '201592000', '239776008', '372938004', '196415003', '239776008', '83486002', '196415003', '396234004', '201591007', '201623005', '201592000', '156470005', '201471003', '55388007']","['Pyogenic arthritis', 'Pyogenic arthritis, unspecified']","['Septic arthritis', 'Septic arthritis', 'Septic arthritis', 'Pyogenic arthritis', 'Pyogenic arthritis', 'Pyogenic arthritis, NOS', 'Pyogenic arthritis NOS', 'Pyogenic arthritis NOS', 'Infection-associated arthritis', 'Infection-associated arthritis', 'Infection-associated arthritis', 'Infection-associated arthritis', 'Infection-associated arthritis', 'Infection-associated arthritis', 'Infection-associated arthritis, NOS', 'Infective arthritis', 'Infective arthritis', 'Infective arthritis', 'Infective arthritis, NOS', 'Infective arthritis NOS', 'Infective arthritis NOS', 'Pyoarthrosis', 'Pyoarthrosis', 'Pyoarthrosis, NOS', 'Arthritis due to direct infection', 'Infective arthritis NOS, of unspecified site', 'Infective arthritis [Ambiguous]', 'Septic arthrits', 'Infective arthritis [dup] (disorder)', 'Infective arthritis (disorder)', 'Infective arthritis (disorder)', 'Infective arthritis (disorder)', 'Infective arthritis (disorder)', 'Infective arthritis NOS (disorder)', 'Infective arthritis NOS (disorder)', 'Infective arthritis NOS, of unspecified site (disorder)', 'Pyogenic arthritis NOS (disorder)', 'Pyogenic arthritis NOS (disorder)', 'Pyogenic arthritis (disorder)']","[201471003, 156470005, 156470005, 156470005, 201471003]","['Pyogenic arthritis NOS (disorder)', 'Pyogenic arthritis NOS (disorder)', 'Pyogenic arthritis NOS', 'Pyogenic arthritis NOS', 'Pyogenic arthritis NOS']",,
C0003872,['L40.5'],"['33339001', '156370009', '33339001', '200959009', '33339001', '156370009', '33339001', '156370009', '33339001', '33339001', '200959009', '156370009']",['Arthropathic psoriasis'],"['Psoriatic arthritis', 'Psoriatic arthritis', 'Psoriatic arthropathy', 'Psoriatic arthropathy NOS', 'Psoriasis with arthropathy', 'PA (Psoriatic arthritis)', 'PA - Psoriatic arthritis', 'PsA (Psoriatic arthritis)', 'PsA - Psoriatic arthritis', 'Psoriasis with arthropathy (disorder)', 'Psoriatic arthropathy NOS (disorder)', 'Psoriatic arthritis (disorder)']","[33339001, 33339001, 200959009, 33339001, 200959009]","['Psoriasis with arthropathy', 'Psoriatic arthropathy', 'Psoriatic arthropathy NOS', 'Psoriasis with arthropathy (disorder)', 'Psoriatic arthropathy NOS (disorder)']",,
C0003873,['M06.9'],"['156471009', '69896004', '156481008', '287010008', '69896004', '69896004', '69896004', '69896004', '69896004', '69896004', '156471009', '69896004', '156481008', '287010008']","['Rheumatoid arthritis, unspecified']","['Rheumatoid arthritis', 'Rheumatoid arthritis', 'Rheumatoid arthritis NOS', 'Rheumatoid arthritis NOS', 'Atrophic arthritis', 'Chronic rheumatic arthritis', 'Rheumatic gout', 'RA - Rheumatoid arthritis', 'RhA - Rheumatoid arthritis', 'Rheumatoid disease', 'Rheumatoid arthritis (disorder)', 'Rheumatoid arthritis (disorder)', 'Rheumatoid arthritis NOS (disorder)', 'Rheumatoid arthritis NOS (disorder)']","[287010008, 156481008, 156481008, 287010008, 156481008]","['Rheumatoid arthritis NOS', 'Rheumatoid arthritis NOS', 'Rheumatoid arthritis NOS', 'Rheumatoid arthritis NOS (disorder)', 'Rheumatoid arthritis NOS (disorder)']",28701008,
